id,sort_id,ability_lv,ability_group_id,type_id,attribute_id,attribute_group_id,system_id,use_value,standard_value,adding_hit_rate,valid_hit_rate,weak_hit_rate,attack_count,accuracy_rate,Impact_status,use_job_group_id,condition_group_id,renge_id,menu_renge_id,battle_renge_id,content_flag_group_id,invalid_reflection,invalid_boss,resistance_attribute,battle_effect_asset_id,menu_se_asset_id,reaction_type,menu_function_group_id,battle_function_group_id,buy,sell,sales_not_possible,ability_wait,process_prog,data_a,data_b,data_c
1,1,0,0,4,0,0,3,0,0,0,0,0,0,100,0,4,95,7,7,7,0,1,0,0,0,0,1,0,2,0,0,0,0,None,0,0,0
2,2,0,0,5,0,0,2,0,0,0,0,0,0,100,0,4,0,5,5,5,0,1,0,0,0,0,0,0,3,0,0,0,0,None,0,0,0
3,3,0,0,6,0,0,2,0,0,0,0,0,0,100,0,4,0,2,2,2,0,1,0,0,0,0,0,0,4,0,0,0,0,None,0,0,0
4,4,0,0,7,0,0,2,0,0,0,0,0,0,100,0,4,0,2,2,2,0,1,0,0,0,0,0,0,5,0,0,0,0,None,0,0,0
5,5,0,0,8,0,0,2,0,0,0,0,0,0,100,0,4,0,5,5,5,0,1,0,0,0,0,0,0,7,0,0,0,0,None,0,0,0
6,6,0,1,1,0,0,1,3,4,0,0,0,0,100,0,7,93,6,6,6,0,0,0,0,3,203,0,9,9,0,0,0,1,None,0,0,0
7,7,0,1,1,0,0,1,9,12,0,0,0,0,100,0,41,93,6,6,6,0,0,0,0,84,204,0,9,9,0,0,0,1,None,0,0,0
8,8,0,1,1,0,0,1,18,36,0,0,0,0,100,0,42,93,6,6,6,0,0,0,0,4,205,0,9,9,0,0,0,1,None,0,0,0
9,9,0,1,1,0,0,1,40,72,0,0,0,0,100,0,42,93,6,6,6,0,0,0,0,5,206,0,95,95,0,0,0,0,None,0,0,0
10,10,0,1,1,0,0,1,20,0,0,0,0,0,100,0,41,6,7,7,7,0,0,0,0,174,261,0,54,54,0,0,0,2,None,0,0,0
11,11,0,1,1,0,0,1,8,0,0,0,0,0,100,0,42,93,7,7,7,0,0,1,0,6,207,0,12,12,0,0,0,0,None,0,0,0
12,12,0,1,1,0,0,1,52,0,0,0,0,0,100,0,42,93,7,7,7,0,0,1,0,7,207,0,25,25,0,0,0,2,None,0,0,0
13,13,0,1,1,0,0,5,5,0,0,0,0,0,85,0,24,93,7,7,7,0,0,1,0,27,0,0,0,14,0,0,0,1,None,0,0,0
14,14,0,1,1,0,0,5,6,0,0,0,0,0,90,0,42,93,6,6,6,0,0,0,0,10,0,0,0,32,0,0,0,2,None,0,0,0
15,15,0,1,1,0,0,5,10,0,0,0,0,0,65,0,42,93,7,7,7,0,0,1,0,29,0,0,0,46,0,0,0,1,None,0,0,0
16,16,0,1,1,0,0,2,8,0,0,0,0,0,100,0,42,93,7,7,7,0,0,0,0,9,0,0,0,29,0,0,0,0,None,0,0,0
17,17,0,1,1,0,0,2,9,0,0,0,0,0,100,0,42,93,6,6,6,0,0,0,0,8,0,0,0,39,0,0,0,0,None,0,0,0
18,18,0,1,1,0,0,2,10,0,0,0,0,0,100,0,42,93,6,6,6,0,0,0,0,175,0,0,0,40,0,0,0,0,None,0,0,0
19,19,0,1,1,0,0,5,14,0,0,0,0,0,70,0,42,93,6,6,6,0,0,0,0,26,0,0,0,47,0,0,0,1,None,0,0,0
20,20,0,1,1,0,0,2,25,0,0,0,0,0,100,0,42,93,7,7,7,0,0,0,0,28,0,0,0,42,0,0,0,1,None,0,0,0
21,21,0,1,1,0,0,2,18,0,0,0,0,0,100,0,42,93,7,7,7,0,0,0,0,176,0,0,0,81,0,0,0,1,None,0,0,0
22,22,0,1,1,0,0,2,30,0,0,0,0,0,100,0,42,93,7,7,7,0,0,0,0,165,0,0,0,82,0,0,0,0,None,0,0,0
23,23,0,1,1,5,105,3,46,85,0,0,0,0,99,0,43,93,7,7,7,0,0,0,0,14,0,0,0,10,0,0,0,3,None,0,0,0
24,24,0,1,1,0,0,5,12,0,0,0,0,0,100,0,42,93,7,7,7,0,1,0,0,15,0,0,0,33,0,0,0,1,None,0,0,0
25,25,0,1,1,0,0,5,1,0,0,0,0,0,100,0,43,93,7,7,7,0,1,0,0,177,0,0,0,152,0,0,0,0,None,0,0,0
26,26,0,1,1,0,0,5,6,0,0,0,0,0,50,0,42,93,6,6,6,0,0,1,0,178,203,0,37,79,0,0,0,4,None,0,0,0
27,27,0,1,1,0,0,4,10,0,0,0,0,0,100,0,41,93,2,2,2,0,1,0,0,31,0,0,83,137,0,0,0,0,None,0,0,0
28,28,0,1,1,0,0,2,2,0,0,0,0,0,0,0,7,93,2,2,2,0,0,0,0,0,0,0,84,0,0,0,0,0,None,0,0,0
29,29,0,1,1,0,0,2,8,0,0,0,0,0,100,0,42,93,2,2,2,0,0,0,0,179,296,0,85,85,0,0,0,1,None,0,0,0
33,33,0,2,2,1,101,3,5,4,0,0,0,0,100,0,31,93,6,6,6,0,0,0,0,16,0,0,0,10,0,0,0,1,None,0,0,0
34,34,0,2,2,1,101,3,15,16,0,0,0,0,100,0,31,93,6,6,6,0,0,0,0,17,0,0,0,10,0,0,0,3,None,0,0,0
35,35,0,2,2,1,101,3,30,64,0,0,0,0,100,0,31,93,6,6,6,0,0,0,0,18,0,0,0,10,0,0,0,4,None,0,0,0
36,36,0,2,2,2,102,3,5,4,0,0,0,0,100,0,31,93,6,6,6,0,0,0,0,22,0,0,0,10,0,0,0,1,None,0,0,0
37,37,0,2,2,2,102,3,15,16,0,0,0,0,100,0,31,93,6,6,6,0,0,0,0,23,0,0,0,10,0,0,0,3,None,0,0,0
38,38,0,2,2,2,102,3,30,64,0,0,0,0,100,0,31,93,6,6,6,0,0,0,0,24,0,0,0,10,0,0,0,4,None,0,0,0
39,39,0,2,2,3,103,3,5,4,0,0,0,0,100,0,31,93,6,6,6,0,0,0,0,19,0,0,0,10,0,0,0,1,None,0,0,0
40,40,0,2,2,3,103,3,15,16,0,0,0,0,100,0,31,93,6,6,6,0,0,0,0,20,0,0,0,10,0,0,0,3,None,0,0,0
41,41,0,2,2,3,103,3,30,64,0,0,0,0,100,0,31,93,6,6,6,0,0,0,0,21,0,0,0,10,0,0,0,4,None,0,0,0
42,42,0,2,2,0,0,5,15,0,0,0,0,0,50,0,31,93,6,6,6,0,0,1,0,25,0,0,0,45,0,0,0,3,None,0,0,0
43,43,0,2,2,0,0,5,2,0,0,0,0,0,90,0,31,93,6,6,6,0,0,0,0,180,0,0,0,18,0,0,0,1,None,0,0,0
44,44,0,2,2,0,0,2,4,0,0,0,0,0,100,0,31,93,2,2,2,0,0,0,0,0,0,0,88,0,0,0,0,0,None,0,0,0
45,45,0,2,2,0,0,5,7,0,0,0,0,0,50,0,31,92,6,6,6,0,0,1,0,181,203,0,36,78,0,0,0,3,None,0,0,0
46,46,0,2,2,0,0,5,15,0,0,0,0,0,80,0,31,93,7,7,7,0,0,1,0,37,0,0,0,90,0,0,0,2,None,0,0,0
47,47,0,2,2,0,0,3,0,4,0,0,0,0,100,0,31,93,7,7,7,0,0,0,0,182,0,0,0,89,0,0,0,5,None,0,0,0
48,48,0,2,2,0,0,3,20,32,0,0,0,0,100,0,31,93,6,6,6,0,0,0,0,183,0,0,0,91,0,0,0,0,None,0,0,0
49,49,0,2,2,0,0,3,25,0,0,0,0,0,75,0,31,93,7,7,7,0,0,1,0,184,0,0,0,92,0,0,0,2,None,0,0,0
50,50,0,2,2,0,0,3,12,0,0,0,0,0,30,0,31,93,6,6,6,0,0,1,0,34,0,0,0,44,0,0,0,2,None,0,0,0
51,51,0,2,2,0,0,5,1,0,0,0,0,0,10,0,31,91,6,6,6,0,0,1,0,92,203,0,38,80,0,0,0,6,None,0,0,0
52,52,0,2,2,7,107,3,30,50,0,0,0,0,100,0,39,93,4,4,4,0,1,0,0,32,0,0,0,10,0,0,0,2,None,0,0,0
53,53,0,2,2,0,0,3,35,0,0,0,0,0,60,0,39,93,7,7,7,0,0,1,0,39,0,0,0,15,0,0,0,5,None,0,0,0
54,54,0,2,2,5,105,3,99,200,0,0,0,0,100,0,31,93,4,4,4,0,1,0,0,185,0,0,0,10,0,0,0,10,None,0,0,0
55,55,0,2,2,0,0,3,50,100,0,0,0,0,100,0,39,93,7,7,7,0,0,0,0,36,0,0,0,10,0,0,0,0,None,0,0,0
56,56,0,2,2,0,0,3,18,5,0,0,0,0,100,0,31,93,7,7,7,0,0,0,0,186,0,0,0,96,0,0,0,3,None,0,0,0
57,57,0,2,22,0,0,3,20,20,0,0,0,0,100,0,40,0,4,4,4,0,1,0,0,103,0,0,0,10,0,0,0,0,None,0,0,0
58,58,0,2,22,5,105,3,0,800,0,0,0,0,100,0,51,0,4,4,4,0,1,0,0,105,0,0,0,10,0,0,0,0,None,0,0,0
59,59,0,2,22,0,0,3,10,30,0,0,0,0,100,0,40,0,6,6,6,0,0,0,0,104,0,0,0,10,0,0,0,0,None,0,0,0
61,61,0,3,9,0,0,3,1,2,0,0,0,0,50,0,32,93,3,3,3,0,1,0,0,227,0,0,0,10,0,0,0,0,None,0,0,0
62,62,0,3,9,0,0,3,10,0,0,0,0,0,100,0,32,93,3,3,3,0,1,0,0,228,0,0,0,97,0,0,0,0,None,0,0,0
63,63,0,3,9,0,0,3,15,0,0,0,0,0,50,0,32,93,3,3,3,0,1,1,0,229,0,0,0,44,0,0,0,2,None,0,0,0
64,64,0,3,9,0,0,3,18,12,0,0,0,0,100,0,32,93,3,3,3,0,1,1,0,230,0,0,0,267,0,0,0,0,None,0,0,0
65,65,0,3,9,0,0,3,7,5,0,0,0,0,100,0,32,93,3,3,3,0,1,0,0,93,0,0,0,10,0,0,0,3,None,0,0,0
66,66,0,3,9,2,102,3,30,10,0,0,0,0,100,0,32,93,4,4,4,0,1,0,0,94,0,0,0,10,0,0,0,4,None,0,0,0
67,67,0,3,9,3,103,3,30,10,0,0,0,0,100,0,32,93,4,4,4,0,1,0,0,95,0,0,0,10,0,0,0,4,None,0,0,0
68,68,0,3,9,1,101,3,30,10,0,0,0,0,100,0,32,93,4,4,4,0,1,0,0,96,0,0,0,10,0,0,0,4,None,0,0,0
69,69,0,3,9,7,107,3,40,20,0,0,0,0,100,0,32,93,4,4,4,0,1,0,0,97,0,0,0,10,0,0,0,5,None,0,0,0
70,70,0,3,9,0,0,3,20,0,0,0,0,0,100,0,32,93,4,4,4,0,1,0,0,98,0,0,0,97,0,0,0,3,None,0,0,0
71,71,0,3,9,0,0,3,25,15,0,0,0,0,100,0,32,93,3,3,3,0,1,0,0,99,0,0,0,221,0,0,0,1,None,0,0,0
72,72,0,3,9,0,0,3,45,0,0,0,0,0,10,0,32,93,4,4,4,0,1,1,0,90,0,0,0,15,0,0,0,2,None,0,0,0
73,73,0,3,9,0,0,3,50,35,0,0,0,0,100,0,32,93,4,4,4,0,1,0,0,100,0,0,0,10,0,0,0,3,None,0,0,0
74,74,0,3,9,0,0,2,50,0,0,0,0,0,100,0,32,93,2,2,2,0,1,0,0,0,0,0,0,70,0,0,0,1,None,0,0,0
75,75,0,3,9,0,0,3,60,60,0,0,0,0,100,0,32,93,4,4,4,0,1,0,0,91,0,0,0,10,0,0,0,3,None,0,0,0
76,76,0,3,9,0,0,3,0,0,0,0,0,0,100,0,4,93,4,4,4,0,1,0,0,0,0,0,0,10,0,0,0,0,None,0,0,0
77,77,0,5,34,0,0,5,0,0,0,0,0,0,50,0,33,0,4,4,4,0,1,1,0,88,0,1,0,45,0,0,0,0,None,0,0,0
78,78,0,5,34,0,0,5,0,0,0,0,0,0,65,0,33,0,4,4,4,0,1,1,0,88,0,1,0,46,0,0,0,0,None,0,0,0
79,79,0,5,34,0,0,5,0,0,0,0,0,0,90,0,33,0,4,4,4,0,1,1,0,88,0,1,0,32,0,0,0,0,None,0,0,0
82,82,0,5,34,0,0,5,0,0,0,0,0,0,50,0,33,0,4,4,4,0,1,1,0,88,0,1,0,78,0,0,0,0,None,0,0,0
85,85,0,4,10,1,101,3,15,20,0,0,0,0,100,0,36,93,4,4,4,0,1,0,0,106,0,0,0,10,0,0,0,2,None,0,0,0
86,86,0,4,10,2,102,3,20,30,0,0,0,0,100,0,36,93,4,4,4,0,1,0,0,107,0,0,0,10,0,0,0,2,None,0,0,0
87,87,0,4,10,3,103,3,25,40,0,0,0,0,100,0,36,93,4,4,4,0,1,0,0,108,0,0,0,10,0,0,0,2,None,0,0,0
88,88,0,4,10,0,0,2,10,0,0,0,0,0,100,0,36,93,2,2,2,0,1,1,0,187,0,0,0,133,0,0,0,0,None,0,0,0
89,89,0,4,10,0,0,5,5,0,0,0,0,0,75,0,36,93,7,7,7,0,1,1,0,109,0,0,0,14,0,0,0,0,None,0,0,0
90,90,0,4,10,0,0,2,6,0,0,0,0,0,100,0,36,93,5,5,5,0,1,0,0,9,0,0,0,29,0,0,0,0,None,0,0,0
94,94,0,0,13,2,102,3,0,2,0,0,0,0,100,0,38,0,4,4,4,0,1,0,0,120,0,1,0,10,0,0,0,0,None,0,0,0
95,95,0,0,13,0,0,3,0,0,0,0,0,0,100,0,38,72,3,3,3,0,1,0,0,188,0,1,0,76,0,0,0,0,None,0,0,0
96,96,0,0,13,0,0,3,0,0,0,0,0,0,100,0,38,0,3,3,3,0,1,0,0,118,0,0,0,98,0,0,0,0,None,0,0,0
97,97,0,0,13,0,0,3,0,0,0,0,0,0,100,0,38,72,4,4,4,0,1,0,0,43,0,1,0,100,0,0,0,0,None,0,0,0
98,98,0,0,13,0,0,5,0,0,0,0,0,0,100,0,38,72,3,3,3,0,0,0,0,123,0,0,0,101,0,0,0,0,None,0,0,0
99,99,0,0,13,0,0,3,0,0,0,0,0,0,100,0,38,0,3,3,3,0,1,0,0,125,0,1,0,76,0,0,0,0,None,0,0,0
100,100,0,0,13,0,0,5,0,0,0,0,0,0,100,0,38,0,3,3,3,0,1,0,0,0,0,0,0,249,0,0,0,0,None,0,0,0
101,101,0,0,13,0,0,5,0,0,0,0,0,0,100,0,38,0,4,4,4,0,1,0,0,124,0,0,0,47,0,0,0,0,None,0,0,0
102,102,0,0,13,0,0,5,0,0,0,0,0,0,100,0,38,72,3,3,3,0,1,0,0,77,0,1,0,45,0,0,0,0,None,0,0,0
103,103,0,0,13,0,0,3,0,6,0,0,0,0,100,0,38,72,3,3,3,0,1,0,0,189,0,1,0,91,0,0,0,0,None,0,0,0
104,104,0,0,13,0,0,5,0,0,0,0,0,0,100,0,38,72,3,3,3,0,1,0,0,190,0,1,0,14,0,0,0,0,None,0,0,0
105,105,0,0,13,0,0,1,0,0,0,0,0,0,100,0,38,72,2,2,2,0,1,0,0,0,0,0,0,24,0,0,0,0,ENEMY_ARISE,0,0,0
106,106,0,0,13,0,0,3,0,0,0,0,0,0,100,0,38,72,3,3,3,0,1,0,0,191,0,1,0,102,0,0,0,0,None,0,0,0
107,107,0,0,13,0,0,3,0,0,0,0,0,0,100,0,38,72,4,4,4,0,1,0,0,192,0,1,0,102,0,0,0,0,None,0,0,0
108,108,0,0,13,0,0,3,0,0,0,0,0,0,100,0,38,72,2,2,2,0,1,0,0,191,0,1,0,15,0,0,0,0,None,0,0,0
109,109,0,0,13,3,103,3,0,0,0,0,0,0,100,0,38,0,3,3,3,0,1,0,0,41,0,1,0,106,0,0,0,0,None,0,0,0
110,110,0,0,13,0,0,3,0,0,0,0,0,0,100,0,38,0,4,4,4,0,1,0,0,44,0,1,0,107,0,0,0,0,None,0,0,0
111,111,0,0,13,0,0,5,0,0,0,0,0,0,100,0,38,0,3,3,3,0,1,0,0,116,0,0,0,80,0,0,0,0,None,0,0,0
112,112,0,0,13,0,0,5,0,0,0,0,0,0,100,0,38,72,3,3,3,0,0,0,0,193,0,1,0,104,0,0,0,0,None,0,0,0
113,113,0,0,13,1,101,3,0,0,0,0,0,0,100,0,38,0,4,4,4,0,1,0,0,194,0,1,0,108,0,0,0,0,None,0,0,0
114,114,0,0,13,0,0,3,0,0,0,0,0,0,100,0,38,0,5,5,5,0,1,0,0,0,0,0,0,133,0,0,0,0,None,0,0,0
115,115,0,0,13,0,0,5,0,0,0,0,0,0,100,0,38,72,3,3,3,0,0,0,0,195,0,0,0,90,0,0,0,0,None,0,0,0
116,116,0,0,13,1,101,3,0,8,0,0,0,0,100,0,38,0,4,4,4,0,1,0,0,196,0,1,0,150,0,0,0,0,None,0,0,0
117,117,0,0,13,0,0,1,0,0,0,0,0,0,100,0,38,93,2,2,2,0,0,0,0,89,0,0,0,24,0,0,0,0,ENEMY_ARISE,0,0,0
118,118,0,0,13,0,0,5,0,0,0,0,0,0,100,0,38,72,3,3,3,0,1,0,0,45,0,0,0,105,0,0,0,0,None,0,0,0
119,119,0,0,13,0,0,5,0,0,0,0,0,0,100,0,38,72,3,3,3,0,0,1,0,77,0,1,0,44,0,0,0,0,None,0,0,0
120,120,0,0,13,0,0,5,0,0,0,0,0,0,100,0,38,72,3,3,3,0,1,0,0,130,0,0,0,6,0,0,0,0,None,0,0,0
121,121,0,0,13,0,0,5,0,0,0,0,0,0,100,0,38,0,3,3,3,0,1,0,0,197,0,0,0,46,0,0,0,0,None,0,0,0
122,122,0,0,13,0,0,5,0,0,0,0,0,0,100,0,38,72,3,3,3,0,1,0,0,129,0,0,0,105,0,0,0,0,None,0,0,0
123,123,0,0,13,0,0,5,0,0,0,0,0,0,100,0,38,72,3,3,3,0,1,0,0,198,0,0,0,46,0,0,0,0,None,0,0,0
124,124,0,0,13,3,103,3,0,0,0,0,0,0,100,0,38,0,4,4,4,0,1,0,0,41,0,1,0,108,0,0,0,0,None,0,0,0
125,125,0,0,13,1,101,3,0,0,0,0,0,0,100,0,38,72,4,4,4,0,1,0,0,199,0,1,0,109,0,0,0,0,None,0,0,0
126,126,0,0,13,2,102,3,0,0,0,0,0,0,100,0,38,72,4,4,4,0,1,0,0,200,0,1,0,108,0,0,0,0,None,0,0,0
127,127,0,0,13,0,0,3,0,3,0,0,0,0,100,0,38,72,4,4,4,0,1,0,0,112,0,0,0,91,0,0,0,0,None,0,0,0
128,128,0,0,13,0,0,3,0,15,0,0,0,0,100,0,38,72,3,3,3,0,0,0,0,201,0,1,0,91,0,0,0,0,None,0,0,0
129,129,0,0,13,0,0,3,0,0,0,0,0,0,100,0,38,0,3,3,3,0,0,0,0,110,0,1,0,15,0,0,0,8,None,0,0,0
130,130,0,0,13,0,0,3,0,0,0,0,0,0,100,0,38,0,3,3,3,0,1,0,0,114,0,1,0,15,0,0,0,0,None,0,0,0
131,131,0,0,13,0,0,3,0,0,0,0,0,0,100,0,38,0,3,3,3,0,1,0,0,115,0,1,0,261,0,0,0,0,None,0,0,0
132,132,0,0,13,0,0,5,0,0,0,0,0,0,100,0,38,0,4,4,4,0,1,0,0,117,0,0,0,14,0,0,0,0,None,0,0,0
133,133,0,0,13,0,0,3,0,0,0,0,0,0,100,0,38,0,4,4,4,0,1,0,0,44,0,1,0,108,0,0,0,0,None,0,0,0
134,134,0,0,13,1,101,3,0,5,0,0,0,0,100,0,38,72,4,4,4,0,0,0,0,202,0,1,0,10,0,0,0,0,None,0,0,0
135,135,0,0,13,1,101,3,0,90,0,0,0,0,100,0,38,0,3,3,3,0,1,0,0,111,0,1,0,10,0,0,0,0,None,0,0,0
136,136,0,0,13,0,0,5,0,0,0,0,0,0,100,0,38,0,3,3,3,0,1,0,0,203,0,0,0,45,0,0,0,0,None,0,0,0
137,137,0,0,13,0,0,3,0,0,0,0,0,0,100,0,38,0,4,4,4,0,1,0,0,121,0,1,0,110,0,0,0,0,None,0,0,0
138,138,0,0,13,0,0,3,0,2,0,0,0,0,100,0,38,72,4,4,4,0,1,0,0,30,0,0,0,59,0,0,0,0,None,0,0,0
139,139,0,0,13,0,0,3,0,0,0,0,0,0,100,0,38,72,3,3,3,0,0,0,0,204,0,1,0,110,0,0,0,0,None,0,0,0
140,140,0,0,13,0,0,3,0,0,0,0,0,0,100,0,38,72,3,3,3,0,0,0,0,131,0,1,0,107,0,0,0,0,None,0,0,0
141,141,0,0,13,0,0,1,0,0,0,0,0,0,100,0,38,0,4,4,4,0,1,0,0,205,0,0,0,54,0,0,0,0,None,0,0,0
142,142,0,0,13,0,0,3,0,255,0,0,0,0,100,0,38,0,3,3,3,0,1,0,0,127,0,1,0,10,0,0,0,0,None,0,0,0
143,143,0,0,13,2,102,3,0,0,0,0,0,0,100,0,38,72,4,4,4,0,1,0,0,206,0,1,0,107,0,0,0,0,None,0,0,0
144,144,0,0,13,0,0,3,0,40,0,0,0,0,100,0,38,0,4,4,4,0,1,1,0,235,0,1,0,10,0,0,0,0,None,0,0,0
145,145,0,0,13,7,107,3,0,20,0,0,0,0,100,0,38,72,4,4,4,0,1,0,0,42,0,1,0,10,0,0,0,0,None,0,0,0
146,146,0,0,13,0,0,5,0,0,0,0,0,0,100,0,38,72,3,3,3,0,0,1,0,46,0,0,0,111,0,0,0,0,None,0,0,0
147,147,0,0,13,0,0,3,0,0,0,0,0,0,100,0,38,0,4,4,4,0,1,0,0,207,0,1,0,92,0,0,0,0,None,0,0,0
148,148,0,0,13,0,0,5,0,0,0,0,0,0,100,0,38,0,3,3,3,0,1,0,0,132,0,1,0,92,0,0,0,0,None,0,0,0
149,149,0,0,13,0,0,3,0,255,0,0,0,0,100,0,38,0,4,4,4,0,0,0,0,234,0,1,0,10,0,0,0,0,None,0,0,0
150,150,0,0,13,0,0,3,0,40,0,0,0,0,100,0,38,0,4,4,4,0,1,0,0,126,0,1,0,91,0,0,0,0,None,0,0,0
153,153,0,0,13,0,0,5,0,0,0,0,0,0,100,0,38,0,4,4,4,0,1,0,0,128,0,0,0,24,0,0,0,0,BLACK_HOLE,87,0,0
154,154,0,0,13,0,0,1,0,0,0,0,0,0,100,0,38,72,5,5,5,0,1,0,0,113,0,0,0,113,0,0,0,0,None,0,0,0
155,155,0,0,13,0,0,5,0,0,0,0,0,0,100,0,38,72,3,3,3,0,1,0,0,208,0,0,0,24,0,0,0,0,RAND_CONDITION,98,0,0
156,156,0,0,13,1,101,3,0,15,0,0,0,0,100,0,38,0,4,4,4,0,1,0,0,122,0,1,0,10,0,0,0,0,None,0,0,0
157,157,0,0,13,0,0,5,0,0,0,0,0,0,100,0,38,72,3,3,3,0,1,0,0,209,0,1,0,24,0,0,0,0,RAND_CONDITION,78,0,0
158,158,0,0,13,0,0,5,0,0,0,0,0,0,100,0,38,72,3,3,3,0,0,0,0,210,0,1,0,24,0,0,0,0,RAND_CONDITION,88,0,0
159,159,0,0,13,0,0,5,0,0,0,0,0,0,100,0,38,72,3,3,3,0,0,0,0,211,0,0,0,117,0,0,0,0,None,0,0,0
160,160,0,0,13,0,0,1,0,0,0,0,0,0,100,0,38,0,1,1,1,0,1,0,0,84,0,0,0,118,0,0,0,0,None,0,0,0
161,161,0,0,13,0,0,5,0,0,0,0,0,0,100,0,38,0,4,4,4,0,1,0,0,0,0,0,0,24,0,0,0,0,BLACK_HOLE,87,0,0
162,162,0,0,13,0,0,5,0,0,0,0,0,0,100,0,38,72,3,3,3,0,0,0,0,212,0,0,0,119,0,0,0,0,None,0,0,0
163,163,0,0,13,0,0,3,0,10,0,0,0,0,90,0,44,0,3,3,3,0,1,0,0,244,0,0,0,10,0,0,0,0,None,0,0,0
164,164,0,0,13,0,0,3,0,7,0,0,0,0,90,0,30,0,3,3,3,0,0,0,0,243,0,1,0,10,0,0,0,0,None,0,0,0
165,165,0,0,14,4,104,3,0,5,0,0,0,0,100,0,1,72,4,4,4,0,1,0,0,101,363,0,0,62,0,0,0,2,None,0,0,0
166,166,0,0,15,0,0,3,0,5,0,0,0,0,100,0,21,71,3,3,3,0,1,0,0,159,144,0,0,60,0,0,0,0,None,0,0,0
167,167,0,0,17,0,0,1,0,8,0,0,0,0,100,0,45,93,2,2,2,0,1,0,0,102,0,0,0,69,0,0,0,2,None,0,0,0
168,168,0,0,18,0,0,3,0,0,0,0,0,0,100,0,45,72,7,7,7,0,1,0,0,236,0,0,0,2,0,0,0,4,None,0,0,0
169,169,0,0,19,0,0,2,0,0,0,0,0,0,100,0,5,71,12,12,12,0,1,0,0,0,0,0,0,147,0,0,0,0,None,0,0,0
170,170,0,0,21,0,0,5,0,0,0,0,0,0,100,0,36,14,3,3,3,0,1,0,0,0,0,0,0,162,0,0,0,0,None,0,0,0
171,171,0,2,36,0,0,3,0,0,0,0,0,0,100,0,40,90,4,4,4,0,1,0,0,0,0,0,0,24,0,0,0,0,PAIR_SKILL,275,0,0
172,172,0,0,23,0,0,2,0,0,0,0,0,0,100,0,47,72,2,2,2,0,1,0,0,0,0,0,0,34,0,0,0,0,None,0,0,0
173,173,0,0,24,0,0,2,0,0,0,0,0,0,100,0,48,72,5,5,5,0,1,0,0,0,0,0,0,35,0,0,0,0,None,0,0,0
174,174,0,0,11,0,0,5,0,0,0,0,0,0,100,0,33,96,4,4,4,0,1,0,0,0,0,0,0,66,0,0,0,0,None,0,0,0
175,175,0,0,25,0,0,1,0,0,0,0,0,0,100,0,33,95,2,2,2,0,1,0,0,53,0,0,0,93,0,0,0,4,None,0,0,0
176,176,0,0,26,0,0,2,0,0,0,0,0,0,100,0,33,0,5,5,5,0,1,0,0,0,0,0,0,65,0,0,0,0,None,0,0,0
177,177,0,0,27,0,0,3,0,0,0,0,0,0,100,0,49,70,3,3,3,0,1,0,0,0,0,0,0,275,0,0,0,0,None,0,0,0
178,178,0,0,28,0,0,3,0,0,0,0,0,0,100,0,49,94,4,4,4,0,1,0,0,161,0,1,0,24,0,0,0,1,KICK,0,0,0
179,179,0,0,29,0,0,2,0,0,0,0,0,0,100,0,49,72,5,5,5,0,1,0,0,0,0,0,0,135,0,0,0,1,None,0,0,0
180,180,0,0,30,0,0,3,0,0,0,0,0,0,100,0,46,93,4,4,4,0,1,0,0,0,0,0,0,67,0,0,0,1,None,0,0,0
183,183,0,0,31,0,0,5,0,0,0,0,0,0,100,0,35,72,3,3,3,0,1,0,0,177,0,0,0,152,0,0,0,0,None,0,0,0
186,186,0,0,32,0,0,2,0,0,0,0,0,0,100,0,50,72,2,2,2,0,1,0,0,213,0,0,0,141,0,0,0,0,None,0,0,0
209,209,0,0,4,0,0,3,0,0,0,0,0,0,100,0,4,0,3,3,3,0,1,0,0,77,0,1,0,2,0,0,0,0,None,0,0,0
210,210,0,0,12,0,0,2,0,0,0,0,0,0,100,0,36,0,5,5,5,0,1,0,0,0,0,0,0,0,0,0,0,0,None,0,0,0
211,211,0,0,1,0,0,1,0,3,0,0,0,0,100,0,4,0,2,2,2,0,0,0,0,3,0,0,0,9,0,0,0,0,None,0,0,0
212,212,0,0,1,0,0,1,0,0,0,0,0,0,100,0,4,0,1,1,1,0,0,0,0,214,0,0,0,55,0,0,0,0,None,0,0,0
213,213,0,0,1,0,0,1,0,0,0,0,0,0,100,0,4,0,1,1,1,0,0,0,0,11,0,0,0,26,0,0,0,0,None,0,0,0
214,214,0,0,3,0,0,2,0,0,0,0,0,0,100,0,38,72,5,5,5,0,1,0,0,0,0,0,0,176,0,0,0,0,None,0,0,0
215,215,0,0,16,0,0,3,0,5,0,0,0,0,100,0,21,0,3,3,3,0,1,0,0,160,143,1,0,61,0,0,0,4,None,0,0,0
216,216,0,0,37,0,0,2,0,0,0,0,0,0,100,0,5,0,5,5,5,0,1,0,0,0,0,0,0,148,0,0,0,0,None,0,0,0
217,217,0,0,38,0,0,2,0,0,0,0,0,0,100,0,33,0,5,5,5,0,1,0,0,0,0,0,0,132,0,0,0,0,None,0,0,0
218,218,0,0,3,0,0,2,0,0,0,0,0,0,100,0,0,0,5,5,5,0,1,0,0,0,0,0,0,63,0,0,0,0,None,0,0,0
219,219,0,0,3,0,0,2,0,0,0,0,0,0,100,0,0,0,5,5,5,0,1,0,0,0,0,0,0,64,0,0,0,0,None,0,0,0
220,220,0,0,34,0,0,2,0,0,0,0,0,0,100,0,0,0,5,5,5,0,1,0,0,0,0,0,0,8,0,0,0,0,None,0,0,0
221,221,0,0,22,0,0,2,0,0,0,0,0,0,100,0,0,0,5,5,5,0,1,0,0,0,0,0,0,8,0,0,0,0,None,0,0,0
222,222,0,0,34,0,0,2,0,0,0,0,0,0,100,0,0,0,5,5,5,0,1,0,0,0,0,0,0,8,0,0,0,0,None,0,0,0
223,223,0,0,9,0,0,1,0,20,0,0,0,0,100,0,0,0,2,2,2,0,1,0,0,231,0,0,0,9,0,0,0,0,None,0,0,0
224,224,0,0,9,0,0,2,0,0,0,0,0,0,100,0,0,0,2,2,2,0,1,0,0,232,0,0,0,39,0,0,0,0,None,0,0,0
225,225,0,0,9,0,0,1,0,0,0,0,0,0,100,0,0,0,2,2,2,0,1,1,0,233,0,0,0,12,0,0,0,0,None,0,0,0
226,226,0,0,35,0,0,2,0,0,0,0,0,0,100,0,0,0,5,5,5,0,1,0,0,0,0,0,0,8,0,0,0,0,None,0,0,0
227,227,0,0,34,0,0,2,0,0,0,0,0,0,100,0,0,0,5,5,5,0,1,0,0,0,0,0,0,8,0,0,0,0,None,0,0,0
229,229,0,0,34,0,0,2,0,0,0,0,0,0,100,0,0,0,5,5,5,0,1,0,0,0,0,0,0,8,0,0,0,0,None,0,0,0
230,230,0,0,33,0,0,2,0,0,0,0,0,0,100,0,0,0,5,5,5,0,1,0,0,0,0,0,0,8,0,0,0,0,None,0,0,0
231,231,0,0,17,0,0,1,0,8,0,0,0,0,100,0,45,0,2,2,2,0,1,0,0,3,203,0,0,9,0,0,0,0,None,0,0,0
232,232,0,0,13,0,0,3,0,0,0,0,0,0,100,0,38,0,3,3,3,0,1,0,0,118,0,0,0,99,0,0,0,0,None,0,0,0
233,233,0,0,13,0,0,3,0,6,0,0,0,0,100,0,38,0,4,4,4,0,1,0,0,97,0,1,0,10,0,0,0,0,None,0,0,0
234,234,0,0,13,0,0,5,0,0,0,0,0,0,100,0,38,72,4,4,4,0,0,0,0,212,0,0,0,119,0,0,0,0,None,0,0,0
235,235,0,0,3,0,0,2,0,0,0,0,0,0,100,0,0,0,5,5,5,0,1,0,0,0,0,0,0,125,0,0,0,0,None,0,0,0
236,236,0,0,3,0,0,2,0,0,0,0,0,0,100,0,0,0,5,5,5,0,1,0,0,0,0,0,0,126,0,0,0,0,None,0,0,0
237,237,0,0,3,0,0,2,0,0,0,0,0,0,100,0,0,0,5,5,5,0,1,0,0,0,0,0,0,127,0,0,0,0,None,0,0,0
238,238,0,0,3,0,0,2,0,0,0,0,0,0,100,0,0,0,5,5,5,0,1,0,0,0,0,0,0,128,0,0,0,0,None,0,0,0
239,239,0,0,3,0,0,2,0,0,0,0,0,0,100,0,0,0,5,5,5,0,1,0,0,0,0,0,0,129,0,0,0,0,None,0,0,0
240,240,0,0,3,0,0,2,0,0,0,0,0,0,100,0,0,0,5,5,5,0,1,0,0,0,0,0,0,130,0,0,0,0,None,0,0,0
241,241,0,0,3,0,0,2,0,0,0,0,0,0,100,0,0,0,5,5,5,0,1,0,0,0,0,0,0,131,0,0,0,0,None,0,0,0
242,242,0,0,3,0,0,3,0,0,0,0,0,0,100,0,0,0,2,2,2,0,1,0,0,0,0,0,0,8,0,0,0,0,None,0,0,0
243,243,0,0,4,0,0,3,0,0,0,0,0,0,100,0,0,0,1,1,1,0,1,0,0,0,0,1,0,2,0,0,0,0,None,0,0,0
244,244,0,0,35,0,0,2,0,0,0,0,0,0,100,0,0,0,5,5,5,0,1,0,0,0,0,0,0,271,0,0,0,0,None,0,0,0
245,245,0,0,4,0,0,3,0,0,0,0,0,0,100,0,0,0,1,1,1,0,1,0,0,0,0,1,0,2,0,0,0,0,None,0,0,0
246,246,0,1,1,0,0,5,10,0,0,0,0,0,65,0,42,93,1,1,1,0,0,1,0,29,0,0,0,46,0,0,0,1,None,0,0,0
247,247,0,1,1,0,0,2,25,0,0,0,0,0,100,0,42,93,1,1,1,0,0,0,0,28,0,0,0,42,0,0,0,1,None,0,0,0
248,248,0,1,1,0,0,2,18,0,0,0,0,0,100,0,42,93,1,1,1,0,0,1,0,176,0,0,0,81,0,0,0,1,None,0,0,0
249,249,0,2,2,1,101,3,5,4,0,0,0,0,100,0,31,93,1,1,1,0,0,0,0,16,0,0,0,10,0,0,0,1,None,0,0,0
250,250,0,2,2,1,101,3,30,64,0,0,0,0,100,0,31,93,2,2,2,0,0,0,0,18,0,0,0,10,0,0,0,4,None,0,0,0
251,251,0,2,2,2,102,3,15,16,0,0,0,0,100,0,31,93,1,1,1,0,0,0,0,23,0,0,0,10,0,0,0,3,None,0,0,0
252,252,0,2,2,0,0,5,15,0,0,0,0,0,50,0,31,93,1,1,1,0,0,1,0,25,0,0,0,45,0,0,0,3,None,0,0,0
253,253,0,2,2,0,0,2,4,0,0,0,0,0,100,0,31,93,1,1,1,0,0,0,0,0,0,0,0,134,0,0,0,0,None,0,0,0
254,254,0,2,2,0,0,5,7,0,0,0,0,0,50,0,31,92,4,4,4,0,0,1,0,181,0,0,0,78,0,0,0,3,None,0,0,0
255,255,0,2,2,0,0,3,25,0,0,0,0,0,75,0,31,93,2,2,2,0,0,1,0,184,0,0,0,92,0,0,0,2,None,0,0,0
256,256,0,2,2,0,0,3,12,0,0,0,0,0,30,0,31,93,1,1,1,0,0,1,0,34,0,0,0,44,0,0,0,2,None,0,0,0
257,257,0,2,2,0,0,3,35,0,0,0,0,0,60,0,39,93,1,1,1,0,0,1,0,39,0,0,0,15,0,0,0,5,None,0,0,0
258,258,0,2,2,0,0,3,18,5,0,0,0,0,100,0,31,93,1,1,1,0,0,0,0,186,0,0,0,96,0,0,0,3,None,0,0,0
259,259,0,0,3,0,0,3,0,0,0,0,0,0,100,0,38,72,1,1,1,0,1,0,0,188,0,1,0,76,0,0,0,0,None,0,0,0
260,260,0,0,13,0,0,3,0,0,0,0,0,0,100,0,38,72,2,2,2,0,1,0,0,43,0,1,0,100,0,0,0,0,None,0,0,0
261,261,0,0,13,0,0,3,0,6,0,0,0,0,100,0,38,72,1,1,1,0,1,0,0,189,0,1,0,91,0,0,0,0,None,0,0,0
262,262,0,0,13,0,0,5,0,0,0,0,0,0,100,0,38,72,1,1,1,0,1,0,0,190,0,1,0,14,0,0,0,0,None,0,0,0
263,263,0,0,13,0,0,5,0,0,0,0,0,0,100,0,38,72,1,1,1,0,1,0,0,45,0,0,0,105,0,0,0,0,None,0,0,0
264,264,0,0,13,0,0,5,0,0,0,0,0,0,100,0,38,72,1,1,1,0,0,1,0,77,0,1,0,44,0,0,0,0,None,0,0,0
265,265,0,0,13,0,0,5,0,0,0,0,0,0,100,0,38,72,1,1,1,0,1,0,0,197,0,0,0,46,0,0,0,0,None,0,0,0
266,266,0,0,13,1,101,3,0,0,0,0,0,0,100,0,38,72,1,1,1,0,1,0,0,199,0,1,0,106,0,0,0,0,None,0,0,0
267,267,0,0,13,2,102,3,0,0,0,0,0,0,100,0,38,72,2,2,2,0,1,0,0,206,0,1,0,107,0,0,0,0,None,0,0,0
268,268,0,0,13,0,0,3,0,20,0,0,0,0,100,0,38,72,2,2,2,0,1,0,0,42,0,1,0,10,0,0,0,0,None,0,0,0
269,269,0,0,13,0,0,5,0,0,0,0,0,0,100,0,38,72,1,1,1,0,0,0,0,210,0,1,0,116,0,0,0,0,None,0,0,0
270,270,0,0,13,0,0,5,0,0,0,0,0,0,100,0,38,72,1,1,1,0,0,0,0,211,0,0,0,117,0,0,0,0,None,0,0,0
271,271,0,0,29,0,0,2,0,0,0,0,0,0,100,0,49,72,5,5,5,0,1,0,0,8,0,0,0,136,0,0,0,0,None,0,0,0
272,272,0,0,11,1,101,3,0,13,0,0,0,0,100,0,4,0,4,4,4,0,1,0,0,199,0,0,0,10,0,0,0,0,None,0,0,0
273,273,0,0,11,3,103,3,0,13,0,0,0,0,100,0,4,0,4,4,4,0,1,0,0,215,0,0,0,10,0,0,0,0,None,0,0,0
274,274,0,0,11,4,104,3,0,0,0,0,0,0,100,0,4,0,4,4,4,0,1,0,0,247,0,0,0,8,0,0,0,0,None,0,0,0
275,275,0,0,22,0,0,2,0,0,0,0,0,0,100,0,40,0,4,4,4,0,1,0,0,0,0,0,0,24,0,0,0,4,PAIR_SKILL_RAND,3,221,0
276,276,0,2,36,0,0,3,0,0,0,0,0,0,100,0,51,0,4,4,4,0,1,0,0,0,0,0,0,24,0,0,0,0,PAIR_SKILL,58,0,0
277,277,0,0,13,0,0,2,0,0,0,0,0,0,100,0,38,0,4,4,4,0,1,0,0,117,0,0,0,142,0,0,0,0,None,0,0,0
278,278,0,1,1,0,0,1,0,0,0,0,0,0,100,0,41,0,7,7,7,0,1,0,0,174,0,0,0,143,0,0,0,0,None,0,0,0
279,279,0,0,35,0,0,2,0,0,0,0,0,0,100,0,0,0,5,5,5,0,1,0,0,0,0,0,0,144,0,0,0,0,None,0,0,0
282,282,0,0,3,0,0,2,0,0,0,0,0,0,100,0,0,0,5,5,5,0,1,0,0,0,0,0,0,149,0,0,0,0,None,0,0,0
283,283,0,0,13,0,0,3,0,0,0,0,0,0,100,0,0,0,2,2,2,0,1,0,0,0,0,0,0,8,0,0,0,0,None,0,0,0
284,284,0,0,4,0,0,3,0,0,0,0,0,0,100,0,0,0,7,7,7,0,1,0,0,0,0,1,0,49,0,0,0,0,None,0,0,0
285,285,0,0,35,0,0,2,0,0,0,0,0,0,100,0,0,0,2,2,2,0,1,0,0,0,0,0,0,271,0,0,0,0,None,0,0,0
286,286,0,0,3,0,0,3,0,0,0,0,0,0,100,0,0,0,2,2,2,0,1,0,0,0,0,0,0,8,0,0,0,0,None,0,0,0
287,287,0,0,20,0,0,3,0,0,0,0,0,0,100,0,36,71,3,3,3,0,1,0,0,146,0,1,0,151,0,0,0,0,None,0,0,0
288,288,0,0,35,0,0,2,0,0,0,0,0,0,100,0,0,0,5,5,5,0,1,0,0,0,0,0,0,153,0,0,0,0,None,0,0,0
289,289,0,0,35,0,0,2,0,0,0,0,0,0,100,0,0,0,5,5,5,0,1,0,0,0,0,0,0,154,0,0,0,0,None,0,0,0
290,290,0,0,35,0,0,2,0,0,0,0,0,0,100,0,0,0,5,5,5,0,1,0,0,0,0,0,0,155,0,0,0,0,None,0,0,0
291,291,0,0,35,0,0,2,0,0,0,0,0,0,100,0,0,0,5,5,5,0,1,0,0,0,0,0,0,156,0,0,0,0,None,0,0,0
292,292,0,0,35,0,0,2,0,0,0,0,0,0,100,0,0,0,5,5,5,0,1,0,0,0,0,0,0,157,0,0,0,0,None,0,0,0
293,293,0,0,35,0,0,2,0,0,0,0,0,0,100,0,0,0,5,5,5,0,1,0,0,0,0,0,0,158,0,0,0,0,None,0,0,0
294,294,0,1,1,0,0,2,25,0,0,0,0,0,100,0,0,93,5,5,5,0,0,0,0,28,0,0,0,159,0,0,0,1,None,0,0,0
295,295,0,0,35,0,0,2,0,0,0,0,0,0,100,0,0,0,5,5,5,0,1,0,0,0,0,0,0,160,0,0,0,0,None,0,0,0
296,296,0,0,35,0,0,2,0,0,0,0,0,0,100,0,0,0,5,5,5,0,1,0,0,0,0,0,0,161,0,0,0,0,None,0,0,0
297,297,0,0,28,0,0,3,0,0,0,0,0,0,100,0,0,0,4,4,4,0,1,0,0,163,0,1,0,24,0,0,0,1,KICK,0,0,0
298,298,0,0,35,0,0,2,0,0,0,0,0,0,100,0,0,0,5,5,5,0,1,0,0,0,0,0,0,163,0,0,0,0,None,0,0,0
299,299,0,0,35,0,0,2,0,0,0,0,0,0,100,0,0,0,5,5,5,0,1,0,0,0,0,0,0,164,0,0,0,0,None,0,0,0
300,300,0,0,35,0,0,2,0,0,0,0,0,0,100,0,0,0,5,5,5,0,1,0,0,0,0,0,0,165,0,0,0,0,None,0,0,0
301,301,0,2,2,1,101,3,15,8,0,0,0,0,100,0,0,93,4,4,4,0,0,0,0,17,0,0,0,10,0,0,0,3,None,0,0,0
302,302,0,2,2,3,103,3,15,8,0,0,0,0,100,0,0,93,4,4,4,0,0,0,0,20,0,0,0,10,0,0,0,3,None,0,0,0
303,303,0,2,2,2,102,3,15,8,0,0,0,0,100,0,0,93,4,4,4,0,0,0,0,23,0,0,0,10,0,0,0,3,None,0,0,0
304,304,0,2,2,0,0,3,25,0,0,0,0,0,75,0,0,93,4,4,4,0,0,1,0,184,0,0,0,92,0,0,0,2,None,0,0,0
305,305,0,1,1,0,0,1,9,12,0,0,0,0,100,0,0,93,2,2,2,0,0,0,0,84,204,0,9,9,0,0,0,1,None,0,0,0
306,306,0,1,1,0,0,2,25,0,0,0,0,0,100,0,0,93,2,2,2,0,0,0,0,28,0,0,0,42,0,0,0,1,None,0,0,0
307,307,0,1,1,0,0,2,30,0,0,0,0,0,100,0,0,93,2,2,2,0,0,0,0,165,0,0,0,82,0,0,0,0,None,0,0,0
308,308,0,0,35,0,0,2,0,0,0,0,0,0,100,0,0,0,5,5,5,0,1,0,0,0,0,0,0,166,0,0,0,0,None,0,0,0
309,309,0,0,35,0,0,2,0,0,0,0,0,0,100,0,0,0,5,5,5,0,1,0,0,0,0,0,0,167,0,0,0,0,None,0,0,0
310,310,0,2,2,1,101,3,15,16,0,0,0,0,100,0,0,93,6,6,6,0,0,0,0,17,0,0,0,10,0,0,0,1,None,0,0,0
311,311,0,2,2,3,103,3,15,16,0,0,0,0,100,0,0,93,6,6,6,0,0,0,0,20,0,0,0,10,0,0,0,1,None,0,0,0
312,312,0,2,2,2,102,3,15,16,0,0,0,0,100,0,0,93,6,6,6,0,0,0,0,23,0,0,0,10,0,0,0,1,None,0,0,0
313,313,0,2,2,0,0,3,20,32,0,0,0,0,100,0,0,93,6,6,6,0,0,0,0,183,0,0,0,91,0,0,0,1,None,0,0,0
314,314,0,0,35,0,0,2,0,0,0,0,0,0,100,0,0,0,5,5,5,0,1,0,0,0,0,0,0,168,0,0,0,0,None,0,0,0
315,315,0,0,35,0,0,2,0,0,0,0,0,0,100,0,0,0,5,5,5,0,1,0,0,0,0,0,0,169,0,0,0,0,None,0,0,0
316,316,0,0,35,0,0,2,0,0,0,0,0,0,100,0,0,0,5,5,5,0,1,0,0,0,0,0,0,170,0,0,0,0,None,0,0,0
317,317,0,0,3,0,0,2,0,0,0,0,0,0,100,0,0,0,5,5,5,0,1,0,0,0,0,0,0,171,0,0,0,0,None,0,0,0
318,318,0,0,3,0,0,2,0,0,0,0,0,0,100,0,0,0,5,5,5,0,1,0,0,0,0,0,0,172,0,0,0,0,None,0,0,0
319,319,0,0,35,0,0,2,0,0,0,0,0,0,100,0,0,0,5,5,5,0,1,0,0,0,0,0,0,173,0,0,0,0,None,0,0,0
320,320,0,0,35,0,0,2,0,0,0,0,0,0,100,0,0,0,5,5,5,0,1,0,0,0,0,0,0,174,0,0,0,0,None,0,0,0
322,322,0,0,15,0,0,3,0,0,0,0,0,0,100,0,21,71,3,3,3,0,1,0,0,164,144,1,0,265,0,0,0,0,None,0,0,0
323,323,0,2,13,0,0,3,25,0,0,0,0,0,75,0,0,93,7,7,7,0,0,0,0,184,0,0,0,92,0,0,0,0,None,0,0,0
324,324,0,0,35,0,0,2,0,0,0,0,0,0,100,0,0,0,5,5,5,0,1,0,0,0,0,0,0,177,0,0,0,0,None,0,0,0
325,325,0,0,35,0,0,2,0,0,0,0,0,0,100,0,0,0,5,5,5,0,1,0,0,0,0,0,0,178,0,0,0,0,None,0,0,0
326,326,0,0,13,0,0,1,0,0,0,0,0,0,100,0,38,0,1,1,1,0,1,0,0,205,0,0,0,287,0,0,0,0,None,0,0,0
327,327,0,0,35,0,0,2,0,0,0,0,0,0,100,0,0,0,5,5,5,0,1,0,0,0,0,0,0,179,0,0,0,0,None,0,0,0
328,328,0,0,35,0,0,2,0,0,0,0,0,0,100,0,0,0,1,1,1,0,1,0,0,0,0,0,0,180,0,0,0,0,None,0,0,0
329,329,0,0,35,0,0,2,0,0,0,0,0,0,100,0,0,0,5,5,5,0,1,0,0,0,0,0,0,181,0,0,0,0,None,0,0,0
330,330,0,0,35,0,0,2,0,0,0,0,0,0,100,0,0,0,5,5,5,0,1,0,0,0,0,0,0,182,0,0,0,0,None,0,0,0
331,331,0,0,35,0,0,2,0,0,0,0,0,0,100,0,0,0,5,5,5,0,1,0,0,0,0,0,0,183,0,0,0,0,None,0,0,0
332,332,0,0,35,0,0,2,0,0,0,0,0,0,100,0,0,0,5,5,5,0,1,0,0,0,0,0,0,184,0,0,0,0,None,0,0,0
333,333,0,0,35,0,0,2,0,0,0,0,0,0,100,0,0,0,5,5,5,0,1,0,0,0,0,0,0,185,0,0,0,0,None,0,0,0
334,334,0,0,35,0,0,2,0,0,0,0,0,0,100,0,0,0,5,5,5,0,1,0,0,0,0,0,0,271,0,0,0,0,None,0,0,0
335,335,0,0,13,0,0,5,0,0,0,0,0,0,100,0,38,0,3,3,3,0,0,0,0,195,0,0,0,90,0,0,0,8,None,0,0,0
336,336,0,0,35,0,0,2,0,0,0,0,0,0,100,0,0,0,5,5,5,0,1,0,0,0,0,0,0,187,0,0,0,0,None,0,0,0
337,337,0,0,35,0,0,2,0,0,0,0,0,0,100,0,0,0,5,5,5,0,1,0,0,0,0,0,0,188,0,0,0,0,None,0,0,0
338,338,0,0,35,0,0,2,0,0,0,0,0,0,100,0,0,0,5,5,5,0,1,0,0,0,0,0,0,189,0,0,0,0,None,0,0,0
339,339,0,0,35,0,0,2,0,0,0,0,0,0,100,0,0,0,5,5,5,0,1,0,0,0,0,0,0,190,0,0,0,0,None,0,0,0
340,340,0,2,2,1,101,3,15,8,0,0,0,0,100,0,0,93,4,4,4,0,0,0,0,17,0,0,0,10,0,0,0,3,None,0,0,0
341,341,0,1,1,0,0,1,8,0,0,0,0,0,75,0,0,93,4,4,4,0,0,1,0,6,204,0,0,12,0,0,0,0,None,0,0,0
342,342,0,0,35,0,0,2,0,0,0,0,0,0,100,0,0,0,5,5,5,0,1,0,0,0,0,0,0,191,0,0,0,0,None,0,0,0
343,343,0,0,3,0,0,3,0,0,0,0,0,0,100,0,0,95,5,5,5,0,1,0,0,166,0,0,0,8,0,0,0,0,None,0,0,0
344,344,0,0,35,0,0,2,0,0,0,0,0,0,100,0,0,0,5,5,5,0,1,0,0,0,0,0,0,193,0,0,0,0,None,0,0,0
345,345,0,0,35,0,0,2,0,0,0,0,0,0,100,0,0,0,5,5,5,0,1,0,0,0,0,0,0,194,0,0,0,0,None,0,0,0
346,346,0,0,35,0,0,2,0,0,0,0,0,0,100,0,0,0,5,5,5,0,1,0,0,0,0,0,0,195,0,0,0,0,None,0,0,0
347,347,0,2,2,1,101,3,30,32,0,0,0,0,100,0,31,93,4,4,4,0,0,0,0,18,0,0,0,10,0,0,0,4,None,0,0,0
348,348,0,0,13,1,101,3,0,64,0,0,0,0,100,0,38,0,4,4,4,0,1,0,0,111,0,1,0,10,0,0,0,0,None,0,0,0
349,349,0,0,13,0,0,3,0,0,0,0,0,0,100,0,38,0,4,4,4,0,1,0,0,44,0,1,0,108,0,0,0,0,None,0,0,0
350,350,0,1,1,0,0,2,30,0,0,0,0,0,100,0,42,93,5,5,5,0,0,0,0,165,0,0,0,82,0,0,0,0,None,0,0,0
351,351,0,0,35,0,0,2,0,0,0,0,0,0,100,0,0,0,5,5,5,0,1,0,0,168,0,0,0,196,0,0,0,0,None,0,0,0
352,352,0,2,2,0,0,3,20,32,0,0,0,0,100,0,0,93,4,4,4,0,0,0,0,183,0,0,0,91,0,0,0,0,None,0,0,0
353,353,0,0,35,0,0,2,0,0,0,0,0,0,100,0,0,0,5,5,5,0,1,0,0,0,0,0,0,197,0,0,0,0,None,0,0,0
354,354,0,0,35,0,0,2,0,0,0,0,0,0,100,0,0,0,5,5,5,0,1,0,0,0,0,0,0,198,0,0,0,0,None,0,0,0
355,355,0,0,35,0,0,2,0,0,0,0,0,0,100,0,0,0,5,5,5,0,1,0,0,0,0,0,0,199,0,0,0,0,None,0,0,0
356,356,0,0,35,0,0,2,0,0,0,0,0,0,100,0,0,0,5,5,5,0,1,0,0,0,0,0,0,200,0,0,0,0,None,0,0,0
357,357,0,0,35,0,0,2,0,0,0,0,0,0,100,0,0,0,5,5,5,0,1,0,0,0,0,0,0,201,0,0,0,0,None,0,0,0
358,358,0,0,35,0,0,2,0,0,0,0,0,0,100,0,0,0,5,5,5,0,1,0,0,0,0,0,0,202,0,0,0,0,None,0,0,0
359,359,0,0,35,0,0,2,0,0,0,0,0,0,100,0,0,0,5,5,5,0,1,0,0,0,0,0,0,203,0,0,0,0,None,0,0,0
360,360,0,0,35,0,0,2,0,0,0,0,0,0,100,0,0,0,5,5,5,0,1,0,0,0,0,0,0,204,0,0,0,0,None,0,0,0
361,361,0,0,35,0,0,2,0,0,0,0,0,0,100,0,0,0,5,5,5,0,1,0,0,0,0,0,0,205,0,0,0,0,None,0,0,0
362,362,0,0,35,0,0,2,0,0,0,0,0,0,100,0,0,0,5,5,5,0,1,0,0,168,0,0,0,206,0,0,0,0,None,0,0,0
363,363,0,0,35,0,0,2,0,0,0,0,0,0,100,0,0,0,5,5,5,0,1,0,0,0,0,0,0,207,0,0,0,0,None,0,0,0
364,364,0,0,35,0,0,2,0,0,0,0,0,0,100,0,0,0,5,5,5,0,1,0,0,0,0,0,0,208,0,0,0,0,None,0,0,0
365,365,0,0,35,0,0,2,0,0,0,0,0,0,100,0,0,0,5,5,5,0,1,0,0,0,0,0,0,209,0,0,0,0,None,0,0,0
366,366,0,0,35,0,0,2,0,0,0,0,0,0,100,0,0,0,5,5,5,0,1,0,0,0,0,0,0,210,0,0,0,0,None,0,0,0
367,367,0,0,35,0,0,2,0,0,0,0,0,0,100,0,0,0,5,5,5,0,1,0,0,0,0,0,0,211,0,0,0,0,None,0,0,0
368,368,0,0,35,0,0,2,0,0,0,0,0,0,100,0,0,0,5,5,5,0,1,0,0,0,0,0,0,212,0,0,0,0,None,0,0,0
369,369,0,0,3,0,0,3,0,0,0,0,0,0,100,0,0,0,5,5,5,0,1,0,0,0,0,0,0,8,0,0,0,0,None,0,0,0
370,370,0,0,35,0,0,2,0,0,0,0,0,0,100,0,0,0,5,5,5,0,1,0,0,0,0,0,0,213,0,0,0,0,None,0,0,0
371,371,0,0,35,0,0,2,0,0,0,0,0,0,100,0,0,0,5,5,5,0,1,0,0,0,0,0,0,214,0,0,0,0,None,0,0,0
372,372,0,0,3,0,0,3,0,0,0,0,0,0,100,0,0,0,5,5,5,0,1,0,0,0,0,0,0,8,0,0,0,0,None,0,0,0
373,373,0,0,35,0,0,2,0,0,0,0,0,0,100,0,0,0,5,5,5,0,1,0,0,0,0,0,0,215,0,0,0,0,None,0,0,0
374,374,0,0,35,0,0,2,0,0,0,0,0,0,100,0,0,0,5,5,5,0,1,0,0,0,0,0,0,216,0,0,0,0,None,0,0,0
375,375,0,0,35,0,0,2,0,0,0,0,0,0,100,0,0,0,5,5,5,0,1,0,0,0,0,0,0,217,0,0,0,0,None,0,0,0
376,376,0,0,3,0,0,2,0,0,0,0,0,0,100,0,0,0,5,5,5,0,1,0,0,0,0,0,0,268,0,0,0,0,None,0,0,0
377,377,0,0,3,0,0,2,0,0,0,0,0,0,100,0,0,0,5,5,5,0,1,0,0,0,0,0,0,269,0,0,0,0,None,0,0,0
378,378,0,0,3,0,0,2,0,0,0,0,0,0,100,0,0,0,5,5,5,0,1,0,0,0,0,0,0,270,0,0,0,0,None,0,0,0
379,379,0,0,3,0,0,2,0,0,0,0,0,0,100,0,0,0,5,5,5,0,1,0,0,0,0,0,0,218,0,0,0,0,None,0,0,0
380,380,0,0,3,0,0,2,0,0,0,0,0,0,100,0,0,0,5,5,5,0,1,0,0,0,0,0,0,219,0,0,0,0,None,0,0,0
381,381,0,0,3,0,0,2,0,0,0,0,0,0,100,0,0,0,5,5,5,0,1,0,0,0,0,0,0,220,0,0,0,0,None,0,0,0
382,382,0,0,35,0,0,2,0,0,0,0,0,0,100,0,0,0,5,5,5,0,1,0,0,0,0,0,0,222,0,0,0,0,None,0,0,0
383,383,0,2,2,0,0,3,50,100,0,0,0,0,100,0,39,93,5,5,5,0,0,0,0,36,0,0,0,10,0,0,0,0,None,0,0,0
384,384,0,1,1,0,0,2,25,0,0,0,0,0,100,0,42,93,4,4,4,0,0,0,0,28,0,0,0,42,0,0,0,1,None,0,0,0
385,385,0,0,35,0,0,2,0,0,0,0,0,0,100,0,0,0,5,5,5,0,1,0,0,0,0,0,0,223,0,0,0,0,None,0,0,0
386,386,0,0,13,0,0,5,0,0,0,0,0,0,100,0,38,0,4,4,4,0,0,0,0,193,0,1,0,104,0,0,0,0,None,0,0,0
387,387,0,2,2,0,0,3,20,32,0,0,0,0,100,0,31,93,1,1,1,0,0,0,0,183,0,0,0,91,0,0,0,0,None,0,0,0
388,388,0,0,3,0,0,2,0,0,0,0,0,0,100,0,0,0,5,5,5,0,1,0,0,169,0,0,0,8,0,0,0,0,None,0,0,0
389,389,0,0,3,0,0,2,0,0,0,0,0,0,100,0,0,0,5,5,5,0,1,0,0,170,0,0,0,8,0,0,0,0,None,0,0,0
390,390,0,0,3,0,0,2,0,0,0,0,0,0,100,0,0,0,5,5,5,0,1,0,0,171,0,0,0,8,0,0,0,0,None,0,0,0
391,391,0,0,3,0,0,2,0,0,0,0,0,0,100,0,0,0,5,5,5,0,1,0,0,172,0,0,0,8,0,0,0,0,None,0,0,0
392,392,0,1,1,0,0,2,1,0,0,0,0,0,100,0,43,93,5,5,5,0,1,0,0,177,0,0,0,152,0,0,0,0,None,0,0,0
393,393,0,2,2,3,103,3,30,64,0,0,0,0,100,0,31,93,4,4,4,0,0,0,0,21,0,0,0,10,0,0,0,4,None,0,0,0
394,394,0,0,35,0,0,2,0,0,0,0,0,0,100,0,0,0,5,5,5,0,1,0,0,0,0,0,0,224,0,0,0,0,None,0,0,0
395,395,0,0,35,0,0,2,0,0,0,0,0,0,100,0,0,0,5,5,5,0,1,0,0,0,0,0,0,225,0,0,0,0,None,0,0,0
396,396,0,0,3,0,0,3,0,0,0,0,0,0,100,0,0,0,1,1,1,0,1,0,0,0,0,0,0,226,0,0,0,0,None,0,0,0
397,397,0,0,3,0,0,3,0,0,0,0,0,0,100,0,0,0,1,1,1,0,1,0,0,0,0,0,0,227,0,0,0,0,None,0,0,0
398,398,0,1,1,0,0,2,30,0,0,0,0,0,100,0,42,93,1,1,1,0,0,0,0,165,0,0,0,82,0,0,0,0,None,0,0,0
399,399,0,0,3,0,0,3,0,0,0,0,0,0,100,0,0,0,2,2,2,0,1,0,0,0,0,0,0,8,0,0,0,0,None,0,0,0
400,400,0,2,2,0,0,5,7,0,0,0,0,0,50,0,31,92,2,2,2,0,0,1,0,181,0,0,0,78,0,0,0,3,None,0,0,0
401,401,0,2,2,0,0,5,7,0,0,0,0,0,50,0,31,92,4,4,4,0,0,1,0,181,0,0,0,78,0,0,0,3,None,0,0,0
402,402,0,0,3,0,0,3,0,0,0,0,0,0,100,0,0,0,1,1,1,0,1,0,0,0,0,0,0,228,0,0,0,0,None,0,0,0
403,403,0,0,3,0,0,3,0,0,0,0,0,0,100,0,0,0,1,1,1,0,1,0,0,0,0,0,0,229,0,0,0,0,None,0,0,0
404,404,0,0,3,0,0,3,0,0,0,0,0,0,100,0,0,0,1,1,1,0,1,0,0,0,0,0,0,230,0,0,0,0,None,0,0,0
405,405,0,0,3,0,0,3,0,0,0,0,0,0,100,0,0,0,1,1,1,0,1,0,0,0,0,0,0,231,0,0,0,0,None,0,0,0
406,406,0,0,3,0,0,3,0,0,0,0,0,0,100,0,0,0,1,1,1,0,1,0,0,0,0,0,0,232,0,0,0,0,None,0,0,0
407,407,0,0,3,0,0,3,0,0,0,0,0,0,100,0,0,0,1,1,1,0,1,0,0,0,0,0,0,233,0,0,0,0,None,0,0,0
408,408,0,0,35,0,0,2,0,0,0,0,0,0,100,0,0,0,5,5,5,0,1,0,0,0,0,0,0,285,0,0,0,0,None,0,0,0
409,409,0,0,13,0,0,3,0,0,0,0,0,0,100,0,38,0,1,1,1,0,0,0,0,204,0,1,0,110,0,0,0,0,None,0,0,0
410,410,0,0,3,0,0,3,0,0,0,0,0,0,100,0,0,0,1,1,1,0,1,0,0,0,0,0,0,234,0,0,0,0,None,0,0,0
411,411,0,0,3,0,0,3,0,0,0,0,0,0,100,0,0,0,1,1,1,0,1,0,0,0,0,0,0,235,0,0,0,0,None,0,0,0
412,412,0,0,3,0,0,3,0,0,0,0,0,0,100,0,0,0,1,1,1,0,1,0,0,0,0,0,0,236,0,0,0,0,None,0,0,0
413,413,0,0,3,0,0,3,0,0,0,0,0,0,100,0,0,0,1,1,1,0,1,0,0,0,0,0,0,237,0,0,0,0,None,0,0,0
414,414,0,0,3,0,0,3,0,0,0,0,0,0,100,0,0,0,1,1,1,0,1,0,0,0,0,0,0,238,0,0,0,0,None,0,0,0
415,415,0,0,35,0,0,2,0,0,0,0,0,0,100,0,0,0,5,5,5,0,1,0,0,0,0,0,0,239,0,0,0,0,None,0,0,0
416,416,0,0,35,0,0,2,0,0,0,0,0,0,100,0,0,0,5,5,5,0,1,0,0,0,0,0,0,240,0,0,0,0,None,0,0,0
417,417,0,0,35,0,0,2,0,0,0,0,0,0,100,0,0,0,5,5,5,0,1,0,0,0,0,0,0,241,0,0,0,0,None,0,0,0
418,418,0,0,35,0,0,2,0,0,0,0,0,0,100,0,0,0,5,5,5,0,1,0,0,0,0,0,0,242,0,0,0,0,None,0,0,0
419,419,0,0,35,0,0,2,0,0,0,0,0,0,100,0,0,0,5,5,5,0,1,0,0,0,0,0,0,243,0,0,0,0,None,0,0,0
420,420,0,1,1,0,0,5,10,0,0,0,0,0,65,0,42,93,4,4,4,0,0,1,0,29,0,0,0,46,0,0,0,1,None,0,0,0
421,421,0,1,1,0,0,2,9,0,0,0,0,0,100,0,42,93,2,2,2,0,0,0,0,8,0,0,0,39,0,0,0,0,None,0,0,0
422,422,0,1,1,0,0,2,10,0,0,0,0,0,100,0,42,93,2,2,2,0,0,0,0,175,0,0,0,40,0,0,0,0,None,0,0,0
423,423,0,0,3,0,0,3,0,0,0,0,0,0,100,0,0,0,1,1,1,0,1,0,0,0,0,0,0,244,0,0,0,0,None,0,0,0
424,424,0,0,3,0,0,3,0,0,0,0,0,0,100,0,0,0,1,1,1,0,1,0,0,0,0,0,0,245,0,0,0,0,None,0,0,0
425,425,0,0,3,0,0,3,0,0,0,0,0,0,100,0,0,0,1,1,1,0,1,0,0,0,0,0,0,246,0,0,0,0,None,0,0,0
426,426,0,0,3,0,0,3,0,0,0,0,0,0,100,0,0,0,1,1,1,0,1,0,0,0,0,0,0,247,0,0,0,0,None,0,0,0
427,427,0,0,35,0,0,2,0,0,0,0,0,0,100,0,0,0,5,5,5,0,1,0,0,0,0,0,0,248,0,0,0,0,None,0,0,0
428,428,0,0,13,0,0,5,0,0,0,0,0,0,100,0,38,0,3,3,3,0,1,0,0,0,0,0,0,250,0,0,0,0,None,0,0,0
429,429,0,0,13,0,0,5,0,0,0,0,0,0,100,0,38,0,3,3,3,0,1,0,0,0,0,0,0,251,0,0,0,0,None,0,0,0
430,430,0,0,13,0,0,5,0,0,0,0,0,0,100,0,38,0,3,3,3,0,1,0,0,0,0,0,0,252,0,0,0,0,None,0,0,0
431,431,0,0,35,0,0,2,0,0,0,0,0,0,100,0,0,0,5,5,5,0,1,0,0,0,0,0,0,253,0,0,0,0,None,0,0,0
432,432,0,1,1,0,0,2,30,0,0,0,0,0,100,0,42,93,4,4,4,0,0,0,0,165,0,0,0,82,0,0,0,0,None,0,0,0
433,433,0,1,1,5,105,3,46,85,0,0,0,0,99,0,43,93,1,1,1,0,0,0,0,14,0,0,0,10,0,0,0,3,None,0,0,0
434,434,0,2,2,0,0,3,50,100,0,0,0,0,100,0,39,93,1,1,1,0,0,0,0,36,0,0,0,10,0,0,0,0,None,0,0,0
435,435,0,1,1,0,0,1,18,36,0,0,0,0,100,0,42,93,4,4,4,0,0,0,0,84,204,0,0,9,0,0,0,1,None,0,0,0
436,436,0,0,3,0,0,3,0,0,0,0,0,0,100,0,0,0,1,1,1,0,1,0,0,0,0,0,0,254,0,0,0,0,None,0,0,0
437,437,0,0,3,0,0,3,0,0,0,0,0,0,100,0,0,0,1,1,1,0,1,0,0,0,0,0,0,255,0,0,0,0,None,0,0,0
438,438,0,0,3,0,0,3,0,0,0,0,0,0,100,0,0,0,1,1,1,0,1,0,0,0,0,0,0,256,0,0,0,0,None,0,0,0
439,439,0,0,3,0,0,3,0,0,0,0,0,0,100,0,0,0,1,1,1,0,1,0,0,0,0,0,0,257,0,0,0,0,None,0,0,0
440,440,0,1,1,0,0,1,40,72,0,0,0,0,100,0,42,93,1,1,1,0,0,0,0,5,204,0,0,94,0,0,0,0,None,0,0,0
441,441,0,0,35,0,0,2,0,0,0,0,0,0,100,0,0,0,5,5,5,0,1,0,0,162,0,0,0,8,0,0,0,0,None,0,0,0
442,442,0,0,4,0,0,3,0,0,0,0,0,0,100,0,4,95,7,7,7,0,1,0,0,0,0,1,0,263,0,0,0,0,None,0,0,0
443,443,0,0,15,0,0,3,0,0,0,0,0,0,100,0,21,71,3,3,3,0,1,0,0,164,144,1,0,264,0,0,0,0,None,0,0,0
444,444,0,1,1,0,0,2,9,0,0,0,0,0,100,0,42,93,5,5,5,0,0,0,0,8,0,0,0,39,0,0,0,0,None,0,0,0
445,445,0,1,1,0,0,2,18,36,0,0,0,0,100,0,42,93,5,5,5,0,0,0,0,4,204,0,9,9,0,0,0,1,None,0,0,0
446,446,0,1,1,0,0,2,8,0,0,0,0,0,75,0,42,93,5,5,5,0,0,0,0,6,204,0,12,12,0,0,0,0,None,0,0,0
447,447,0,0,35,0,0,2,0,0,0,0,0,0,100,0,0,0,5,5,5,0,1,0,0,0,0,0,0,272,0,0,0,0,None,0,0,0
448,448,0,0,35,0,0,2,0,0,0,0,0,0,100,0,0,0,5,5,5,0,1,0,0,0,0,0,0,273,0,0,0,0,None,0,0,0
449,449,0,2,2,0,0,3,20,20,0,0,0,0,100,0,40,0,4,4,4,0,1,0,0,103,0,0,0,10,0,0,0,0,None,0,0,0
450,450,0,3,9,0,0,3,0,5,0,0,0,0,100,0,4,93,3,3,3,0,1,0,0,93,0,0,0,10,0,0,0,0,None,0,0,0
451,451,0,3,9,2,102,3,0,10,0,0,0,0,100,0,4,93,4,4,4,0,1,0,0,94,0,0,0,10,0,0,0,0,None,0,0,0
452,452,0,3,9,3,103,3,0,10,0,0,0,0,100,0,4,93,4,4,4,0,1,0,0,95,0,0,0,10,0,0,0,0,None,0,0,0
453,453,0,3,9,1,101,3,0,10,0,0,0,0,100,0,4,93,4,4,4,0,1,0,0,96,0,0,0,10,0,0,0,0,None,0,0,0
454,454,0,3,9,7,107,3,0,20,0,0,0,0,100,0,4,93,4,4,4,0,1,0,0,97,0,0,0,10,0,0,0,0,None,0,0,0
455,455,0,3,9,0,0,3,0,0,0,0,0,0,100,0,4,93,4,4,4,0,1,0,0,98,0,0,0,97,0,0,0,0,None,0,0,0
456,456,0,3,9,0,0,3,0,15,0,0,0,0,100,0,4,93,3,3,3,0,1,0,0,99,0,0,0,221,0,0,0,0,None,0,0,0
457,457,0,3,9,0,0,3,0,0,0,0,0,0,10,0,4,93,4,4,4,0,1,1,0,90,0,0,0,15,0,0,0,0,None,0,0,0
458,458,0,3,9,0,0,3,0,35,0,0,0,0,100,0,4,93,4,4,4,0,1,0,0,100,0,0,0,10,0,0,0,0,None,0,0,0
459,459,0,3,9,0,0,3,0,60,0,0,0,0,100,0,4,93,4,4,4,0,1,0,0,91,0,0,0,10,0,0,0,0,None,0,0,0
460,460,0,1,1,0,0,5,0,0,0,0,0,0,100,0,42,93,6,6,6,0,0,0,0,26,0,0,0,8,0,0,0,1,None,0,0,0
461,461,0,1,1,0,0,5,0,0,0,0,0,0,100,0,24,93,7,7,7,0,0,0,0,27,0,0,0,8,0,0,0,1,None,0,0,0
462,462,0,0,35,0,0,3,0,0,0,0,0,0,100,0,0,0,2,2,2,0,1,0,0,0,0,0,0,274,0,0,0,0,None,0,0,0
463,463,0,0,35,0,0,3,0,0,0,0,0,0,100,0,0,0,5,5,5,0,1,0,0,0,0,0,0,8,0,0,0,0,None,0,0,0
464,464,0,0,14,4,104,3,0,5,0,0,0,0,100,0,1,72,4,4,4,0,1,0,0,245,363,0,0,62,0,0,0,2,None,0,0,0
465,465,0,0,4,0,0,3,0,0,0,0,0,0,100,0,49,70,3,3,3,0,1,0,0,0,0,0,0,77,0,0,0,8,None,0,0,0
466,466,0,0,35,0,0,2,0,0,0,0,0,0,100,0,0,0,5,5,5,0,1,0,0,0,0,0,0,276,0,0,0,0,None,0,0,0
467,467,0,0,35,0,0,2,0,0,0,0,0,0,100,0,0,0,5,5,5,0,1,0,0,0,0,0,0,277,0,0,0,0,None,0,0,0
468,468,0,0,35,0,0,2,0,0,0,0,0,0,100,0,0,0,5,5,5,0,1,0,0,0,0,0,0,278,0,0,0,0,None,0,0,0
469,469,0,0,35,0,0,2,0,0,0,0,0,0,100,0,0,0,5,5,5,0,1,0,0,0,0,0,0,279,0,0,0,0,None,0,0,0
470,470,0,0,35,0,0,2,0,0,0,0,0,0,100,0,0,0,5,5,5,0,1,0,0,0,0,0,0,280,0,0,0,0,None,0,0,0
471,471,0,0,35,0,0,2,0,0,0,0,0,0,100,0,0,0,5,5,5,0,1,0,0,0,0,0,0,281,0,0,0,0,None,0,0,0
472,472,0,0,35,0,0,2,0,0,0,0,0,0,100,0,0,0,5,5,5,0,1,0,0,0,0,0,0,282,0,0,0,0,None,0,0,0
473,473,0,0,35,0,0,2,0,0,0,0,0,0,100,0,0,0,5,5,5,0,1,0,0,0,0,0,0,283,0,0,0,0,None,0,0,0
474,474,0,0,40,0,0,2,0,0,0,0,0,0,100,0,4,0,5,5,5,0,1,0,0,0,0,0,0,7,0,0,0,0,None,0,0,0
475,475,0,3,9,0,0,3,20,0,0,0,0,0,100,0,32,93,4,4,4,0,1,0,0,98,0,0,0,8,0,0,0,3,None,0,0,0
476,476,0,0,35,0,0,3,0,0,0,0,0,0,100,0,0,0,2,5,5,0,1,0,0,0,0,0,0,8,0,0,0,0,None,0,0,0
477,477,0,2,2,0,0,3,0,32,0,0,0,0,100,0,31,93,6,6,6,0,0,0,0,183,0,0,0,91,0,0,0,0,None,0,0,0
478,478,0,2,2,1,101,3,0,64,0,0,0,0,100,0,31,93,6,6,6,0,0,0,0,18,0,0,0,10,0,0,0,4,None,0,0,0
479,479,0,2,2,3,103,3,0,64,0,0,0,0,100,0,31,93,6,6,6,0,0,0,0,21,0,0,0,10,0,0,0,4,None,0,0,0
480,480,0,2,2,2,102,3,0,64,0,0,0,0,100,0,31,93,6,6,6,0,0,0,0,24,0,0,0,10,0,0,0,4,None,0,0,0
481,481,0,2,2,5,105,3,0,200,0,0,0,0,100,0,31,93,4,4,4,0,1,0,0,185,0,0,0,10,0,0,0,10,None,0,0,0
482,482,0,1,1,5,105,3,0,85,0,0,0,0,99,0,43,93,7,7,7,0,0,0,0,14,0,0,0,10,0,0,0,3,None,0,0,0
483,483,0,4,10,1,101,3,0,20,0,0,0,0,100,0,36,93,4,4,4,0,1,0,0,106,0,0,0,10,0,0,0,2,None,0,0,0
484,484,0,2,2,0,0,3,25,0,0,0,0,0,75,0,31,93,4,7,7,0,0,1,0,184,0,0,0,92,0,0,0,2,None,0,0,0
485,485,0,2,2,0,0,3,35,0,0,0,0,0,60,0,39,93,4,7,7,0,0,1,0,39,0,0,0,15,0,0,0,5,None,0,0,0
486,486,0,0,3,0,0,2,0,0,0,0,0,0,100,0,0,0,5,5,5,0,1,0,0,0,0,0,0,286,0,0,0,0,None,0,0,0
