id,group_id,lv,insert_type_1,hp_value1,hp_value2,mp_value1,mp_value2,insert_type_2,strength,vitality,agility,intelligence,spirit,magic,luck,insert_type_3,accuracy_rate,magic_evasion_rate,magical_times1,magical_times2,magical_times3,magical_times4,magical_times5,magical_times6,magical_times7,magical_times8
1,1,2,2,10,12,0,0,1,1,0,1,0,0,0,0,1,0,0,0,0,0,0,0,0,0,0
2,1,3,2,10,12,0,0,1,1,1,0,1,0,0,0,1,0,0,0,0,0,0,0,0,0,0
3,1,4,2,10,12,0,0,1,1,1,1,0,0,0,0,1,0,0,0,0,0,0,0,0,0,0
4,1,5,2,10,12,0,0,1,0,0,0,0,0,0,0,1,0,0,0,0,0,0,0,0,0,0
5,1,6,2,10,12,0,0,1,1,1,1,0,0,0,0,1,0,0,0,0,0,0,0,0,0,0
6,1,7,2,10,12,0,0,1,1,0,1,0,0,0,0,1,0,0,0,0,0,0,0,0,0,0
7,1,8,2,10,12,0,0,1,1,1,0,1,0,0,0,1,0,0,0,0,0,0,0,0,0,0
8,1,9,2,10,12,0,0,1,1,1,1,0,0,0,0,1,0,0,0,0,0,0,0,0,0,0
9,1,10,2,10,12,0,0,1,0,0,0,0,0,0,0,1,0,0,0,0,0,0,0,0,0,0
10,1,11,2,20,22,0,0,1,1,1,1,0,0,0,0,1,0,0,0,0,0,0,0,0,0,0
11,1,12,2,20,22,0,0,1,1,0,1,0,0,0,0,1,0,0,0,0,0,0,0,0,0,0
12,1,13,2,20,22,0,0,1,1,1,0,1,0,0,0,1,0,0,0,0,0,0,0,0,0,0
13,1,14,2,20,22,0,0,1,1,1,1,0,0,0,0,1,0,0,0,0,0,0,0,0,0,0
14,1,15,2,20,22,0,0,1,0,0,0,0,0,0,0,1,0,0,0,0,0,0,0,0,0,0
15,1,16,2,20,22,0,0,1,1,1,1,1,0,0,0,1,0,0,0,0,0,0,0,0,0,0
16,1,17,2,20,22,0,0,1,1,0,0,0,0,0,0,1,0,0,0,0,0,0,0,0,0,0
17,1,18,2,20,22,0,0,1,1,0,1,0,0,0,0,1,0,0,0,0,0,0,0,0,0,0
18,1,19,2,20,22,0,0,1,1,1,1,1,0,0,0,1,0,0,0,0,0,0,0,0,0,0
19,1,20,2,20,22,0,0,1,0,0,0,0,0,0,0,1,0,0,0,0,0,0,0,0,0,0
20,1,21,2,30,33,0,0,1,1,1,1,0,0,0,0,1,0,0,0,0,0,0,0,0,0,0
21,1,22,2,30,33,0,0,1,1,0,0,1,0,0,0,1,0,0,0,0,0,0,0,0,0,0
22,1,23,2,30,33,0,0,1,1,1,1,0,0,0,0,1,0,0,0,0,0,0,0,0,0,0
23,1,24,2,30,33,0,0,1,0,0,0,0,0,0,0,1,0,0,0,0,0,0,0,0,0,0
24,1,25,2,30,33,0,0,1,1,1,1,0,0,0,0,1,0,0,0,0,0,0,0,0,0,0
25,1,26,2,30,33,0,0,1,1,0,0,1,0,0,0,1,0,0,0,0,0,0,0,0,0,0
26,1,27,2,30,33,0,0,1,1,1,1,0,0,0,0,1,0,0,0,0,0,0,0,0,0,0
27,1,28,2,30,33,0,0,1,0,0,0,1,0,0,0,1,0,0,0,0,0,0,0,0,0,0
28,1,29,2,30,33,0,0,1,1,1,1,0,0,0,0,1,0,0,0,0,0,0,0,0,0,0
29,1,30,2,30,33,0,0,1,1,0,0,0,0,0,0,1,0,0,0,0,0,0,0,0,0,0
30,1,31,2,40,45,0,0,1,1,1,1,0,0,0,0,1,0,0,0,0,0,0,0,0,0,0
31,1,32,2,40,45,0,0,1,1,0,0,1,0,0,0,1,0,0,0,0,0,0,0,0,0,0
32,1,33,2,40,45,0,0,1,0,1,1,0,0,0,0,1,0,0,0,0,0,0,0,0,0,0
33,1,34,2,40,45,0,0,1,1,0,0,0,0,0,0,1,0,0,0,0,0,0,0,0,0,0
34,1,35,2,40,45,0,0,1,1,1,1,0,0,0,0,1,0,0,0,0,0,0,0,0,0,0
35,1,36,2,40,45,0,0,1,1,0,0,1,0,0,0,1,0,0,0,0,0,0,0,0,0,0
36,1,37,2,40,45,0,0,1,0,1,1,0,0,0,0,1,0,0,0,0,0,0,0,0,0,0
37,1,38,2,40,45,0,0,1,1,0,0,0,0,0,0,1,0,0,0,0,0,0,0,0,0,0
38,1,39,2,40,45,0,0,1,1,1,1,0,0,0,0,1,0,0,0,0,0,0,0,0,0,0
39,1,40,2,40,45,0,0,1,1,0,0,1,0,0,0,1,0,0,0,0,0,0,0,0,0,0
40,1,41,2,50,56,0,0,1,1,1,1,0,0,0,0,1,0,0,0,0,0,0,0,0,0,0
41,1,42,2,50,56,0,0,1,1,0,0,0,0,0,0,1,0,0,0,0,0,0,0,0,0,0
42,1,43,2,50,56,0,0,1,0,1,1,0,0,0,0,1,0,0,0,0,0,0,0,0,0,0
43,1,44,2,50,56,0,0,1,1,0,0,1,0,0,0,1,0,0,0,0,0,0,0,0,0,0
44,1,45,2,50,56,0,0,1,1,1,1,0,0,0,0,1,0,0,0,0,0,0,0,0,0,0
45,1,46,2,50,56,0,0,1,1,0,0,0,0,0,0,1,0,0,0,0,0,0,0,0,0,0
46,1,47,2,50,56,0,0,1,1,1,1,0,0,0,0,1,0,0,0,0,0,0,0,0,0,0
47,1,48,2,50,56,0,0,1,1,0,0,1,0,0,0,1,0,0,0,0,0,0,0,0,0,0
48,1,49,2,50,56,0,0,1,0,1,1,0,0,0,0,1,0,0,0,0,0,0,0,0,0,0
49,1,50,2,50,56,0,0,1,1,0,0,1,0,0,0,1,0,0,0,0,0,0,0,0,0,0
50,1,51,2,60,67,0,0,1,1,1,1,0,0,0,0,1,0,0,0,0,0,0,0,0,0,0
51,1,52,2,60,67,0,0,1,1,0,0,0,0,0,0,1,0,0,0,0,0,0,0,0,0,0
52,1,53,2,60,67,0,0,1,0,1,1,1,0,0,0,1,0,0,0,0,0,0,0,0,0,0
53,1,54,2,60,67,0,0,1,1,0,0,0,0,0,0,1,0,0,0,0,0,0,0,0,0,0
54,1,55,2,60,67,0,0,1,1,1,1,0,0,0,0,1,0,0,0,0,0,0,0,0,0,0
55,1,56,2,60,67,0,0,1,1,0,0,0,0,0,0,1,0,0,0,0,0,0,0,0,0,0
56,1,57,2,60,67,0,0,1,0,1,1,1,0,0,0,1,0,0,0,0,0,0,0,0,0,0
57,1,58,2,60,67,0,0,1,1,0,0,0,0,0,0,1,0,0,0,0,0,0,0,0,0,0
58,1,59,2,60,67,0,0,1,1,1,1,0,0,0,0,1,0,0,0,0,0,0,0,0,0,0
59,1,60,2,60,67,0,0,1,1,0,0,1,0,0,0,1,0,0,0,0,0,0,0,0,0,0
60,1,61,2,70,78,0,0,1,1,1,1,0,0,0,0,1,0,0,0,0,0,0,0,0,0,0
61,1,62,2,70,78,0,0,1,1,0,0,0,0,0,0,1,0,0,0,0,0,0,0,0,0,0
62,1,63,2,70,78,0,0,1,0,1,1,1,0,0,0,1,0,0,0,0,0,0,0,0,0,0
63,1,64,2,70,78,0,0,1,1,0,0,0,0,0,0,1,0,0,0,0,0,0,0,0,0,0
64,1,65,2,70,78,0,0,1,1,1,1,0,0,0,0,1,0,0,0,0,0,0,0,0,0,0
65,1,66,2,70,78,0,0,1,1,0,0,0,0,0,0,1,0,0,0,0,0,0,0,0,0,0
66,1,67,2,70,78,0,0,1,0,1,1,1,0,0,0,1,0,0,0,0,0,0,0,0,0,0
67,1,68,2,70,78,0,0,1,1,0,0,0,0,0,0,1,0,0,0,0,0,0,0,0,0,0
68,1,69,2,70,78,0,0,1,1,1,1,0,0,0,0,1,0,0,0,0,0,0,0,0,0,0
69,1,70,2,70,78,0,0,1,1,0,0,1,0,0,0,1,0,0,0,0,0,0,0,0,0,0
70,1,71,2,70,78,0,0,2,0,0,0,0,0,0,0,1,0,0,0,0,0,0,0,0,0,0
71,1,72,2,70,78,0,0,2,0,0,0,0,0,0,0,1,0,0,0,0,0,0,0,0,0,0
72,1,73,2,70,78,0,0,2,0,0,0,0,0,0,0,1,0,0,0,0,0,0,0,0,0,0
73,1,74,2,70,78,0,0,2,0,0,0,0,0,0,0,1,0,0,0,0,0,0,0,0,0,0
74,1,75,2,70,78,0,0,2,0,0,0,0,0,0,0,1,0,0,0,0,0,0,0,0,0,0
75,1,76,2,70,78,0,0,2,0,0,0,0,0,0,0,1,0,0,0,0,0,0,0,0,0,0
76,1,77,2,70,78,0,0,2,0,0,0,0,0,0,0,1,0,0,0,0,0,0,0,0,0,0
77,1,78,2,70,78,0,0,2,0,0,0,0,0,0,0,1,0,0,0,0,0,0,0,0,0,0
78,1,79,2,70,78,0,0,2,0,0,0,0,0,0,0,1,0,0,0,0,0,0,0,0,0,0
79,1,80,2,70,78,0,0,2,0,0,0,0,0,0,0,1,0,0,0,0,0,0,0,0,0,0
80,1,81,2,70,78,0,0,2,0,0,0,0,0,0,0,1,0,0,0,0,0,0,0,0,0,0
81,1,82,2,70,78,0,0,2,0,0,0,0,0,0,0,1,0,0,0,0,0,0,0,0,0,0
82,1,83,2,70,78,0,0,2,0,0,0,0,0,0,0,1,0,0,0,0,0,0,0,0,0,0
83,1,84,2,70,78,0,0,2,0,0,0,0,0,0,0,1,0,0,0,0,0,0,0,0,0,0
84,1,85,2,70,78,0,0,2,0,0,0,0,0,0,0,1,0,0,0,0,0,0,0,0,0,0
85,1,86,2,70,78,0,0,2,0,0,0,0,0,0,0,1,0,0,0,0,0,0,0,0,0,0
86,1,87,2,70,78,0,0,2,0,0,0,0,0,0,0,1,0,0,0,0,0,0,0,0,0,0
87,1,88,2,70,78,0,0,2,0,0,0,0,0,0,0,1,0,0,0,0,0,0,0,0,0,0
88,1,89,2,70,78,0,0,2,0,0,0,0,0,0,0,1,0,0,0,0,0,0,0,0,0,0
89,1,90,2,70,78,0,0,2,0,0,0,0,0,0,0,1,0,0,0,0,0,0,0,0,0,0
90,1,91,2,70,78,0,0,2,0,0,0,0,0,0,0,1,0,0,0,0,0,0,0,0,0,0
91,1,92,2,70,78,0,0,2,0,0,0,0,0,0,0,1,0,0,0,0,0,0,0,0,0,0
92,1,93,2,70,78,0,0,2,0,0,0,0,0,0,0,1,0,0,0,0,0,0,0,0,0,0
93,1,94,2,70,78,0,0,2,0,0,0,0,0,0,0,1,0,0,0,0,0,0,0,0,0,0
94,1,95,2,70,78,0,0,2,0,0,0,0,0,0,0,1,0,0,0,0,0,0,0,0,0,0
95,1,96,2,70,78,0,0,2,0,0,0,0,0,0,0,1,0,0,0,0,0,0,0,0,0,0
96,1,97,2,70,78,0,0,2,0,0,0,0,0,0,0,1,0,0,0,0,0,0,0,0,0,0
97,1,98,2,70,78,0,0,2,0,0,0,0,0,0,0,1,0,0,0,0,0,0,0,0,0,0
98,1,99,2,70,78,0,0,2,0,0,0,0,0,0,0,1,0,0,0,0,0,0,0,0,0,0
99,2,2,2,4,7,0,0,1,1,1,0,0,1,0,0,1,0,0,0,0,0,0,0,0,0,0
100,2,3,2,4,7,0,0,1,1,1,1,0,0,0,0,1,0,0,0,0,0,0,0,0,0,0
101,2,4,2,8,11,0,0,1,1,1,0,0,0,0,0,1,0,0,0,0,0,0,0,0,0,0
102,2,5,2,8,11,0,0,1,0,0,1,0,1,0,0,1,0,0,0,0,0,0,0,0,0,0
103,2,6,2,8,11,0,0,1,1,1,1,0,0,0,0,1,0,0,0,0,0,0,0,0,0,0
104,2,7,2,16,19,0,0,1,1,1,0,0,1,0,0,1,0,0,0,0,0,0,0,0,0,0
105,2,8,2,16,19,0,0,1,1,1,1,0,0,0,0,1,0,0,0,0,0,0,0,0,0,0
106,2,9,2,16,19,0,0,1,1,1,0,0,0,0,0,1,0,0,0,0,0,0,0,0,0,0
107,2,10,2,24,27,0,0,1,0,0,1,0,1,0,0,1,0,0,0,0,0,0,0,0,0,0
108,2,11,2,24,27,0,0,1,1,1,1,0,0,0,0,1,0,0,0,0,0,0,0,0,0,0
109,2,12,2,24,27,0,0,1,1,1,0,0,1,0,0,1,0,0,0,0,0,0,0,0,0,0
110,2,13,2,32,36,0,0,1,1,1,1,0,0,0,0,1,0,0,0,0,0,0,0,0,0,0
111,2,14,2,32,36,0,0,1,1,1,0,0,0,0,0,1,0,0,0,0,0,0,0,0,0,0
112,2,15,2,32,36,0,0,1,0,0,1,0,1,0,0,1,0,0,0,0,0,0,0,0,0,0
113,2,16,2,40,45,0,0,1,1,1,0,0,0,0,0,1,0,0,0,0,0,0,0,0,0,0
114,2,17,2,40,45,0,0,1,1,1,1,0,1,0,0,1,0,0,0,0,0,0,0,0,0,0
115,2,18,2,40,45,0,0,1,1,1,0,1,0,0,0,1,0,0,0,0,0,0,0,0,0,0
116,2,19,2,48,54,0,0,1,1,1,1,0,0,0,0,1,0,0,0,0,0,0,0,0,0,0
117,2,20,2,48,54,0,0,1,1,1,1,0,1,0,0,1,0,0,0,0,0,0,0,0,0,0
118,2,21,2,48,54,0,0,1,1,1,0,0,0,0,0,1,0,0,0,0,0,0,0,0,0,0
119,2,22,2,48,54,0,0,1,1,1,1,0,0,0,0,1,0,0,0,0,0,0,0,0,0,0
120,2,23,2,48,54,0,0,1,1,1,0,0,1,0,0,1,0,0,0,0,0,0,0,0,0,0
121,2,24,2,56,63,0,0,1,1,1,1,0,0,0,0,1,0,0,0,0,0,0,0,0,0,0
122,2,25,2,56,63,0,0,1,2,0,2,0,0,0,0,1,0,0,0,0,0,0,0,0,0,0
123,2,26,2,56,63,0,0,1,1,1,0,0,1,0,0,1,0,0,0,0,0,0,0,0,0,0
124,2,27,2,56,63,0,0,1,1,1,1,0,0,0,0,1,0,0,0,0,0,0,0,0,0,0
125,2,28,2,56,63,0,0,1,1,1,0,1,1,0,0,1,0,0,0,0,0,0,0,0,0,0
126,2,29,2,64,72,0,0,1,1,1,1,0,0,0,0,1,0,0,0,0,0,0,0,0,0,0
127,2,30,2,64,72,0,0,1,1,1,0,0,1,0,0,1,0,0,0,0,0,0,0,0,0,0
128,2,31,2,64,72,0,0,1,2,0,2,0,0,0,0,1,0,0,0,0,0,0,0,0,0,0
129,2,32,2,64,72,0,0,1,1,1,0,0,1,0,0,1,0,0,0,0,0,0,0,0,0,0
130,2,33,2,72,81,0,0,1,1,1,1,0,0,0,0,1,0,0,0,0,0,0,0,0,0,0
131,2,34,2,72,81,0,0,1,1,1,0,0,0,0,0,1,0,0,0,0,0,0,0,0,0,0
132,2,35,2,72,81,0,0,1,1,0,1,0,1,0,0,1,0,0,0,0,0,0,0,0,0,0
133,2,36,2,72,81,0,0,1,2,2,0,0,0,0,0,1,0,0,0,0,0,0,0,0,0,0
134,2,37,2,72,81,0,0,1,1,1,1,0,0,0,0,1,0,0,0,0,0,0,0,0,0,0
135,2,38,2,72,81,0,0,1,1,1,0,1,1,0,0,1,0,0,0,0,0,0,0,0,0,0
136,2,39,2,72,81,0,0,1,1,1,1,0,0,0,0,1,0,0,0,0,0,0,0,0,0,0
137,2,40,2,72,81,0,0,1,1,1,0,0,1,0,0,1,0,0,0,0,0,0,0,0,0,0
138,2,41,2,96,108,0,0,1,2,0,2,0,0,0,0,1,0,0,0,0,0,0,0,0,0,0
139,2,42,2,96,108,0,0,1,1,1,0,0,1,0,0,1,0,0,0,0,0,0,0,0,0,0
140,2,43,2,96,108,0,0,1,1,0,1,0,0,0,0,1,0,0,0,0,0,0,0,0,0,0
141,2,44,2,96,108,0,0,1,2,2,0,0,2,0,0,1,0,0,0,0,0,0,0,0,0,0
142,2,45,2,96,108,0,0,1,1,1,1,0,0,0,0,1,0,0,0,0,0,0,0,0,0,0
143,2,46,2,96,108,0,0,1,1,1,0,0,1,0,0,1,0,0,0,0,0,0,0,0,0,0
144,2,47,2,104,117,0,0,1,2,0,2,0,0,0,0,1,0,0,0,0,0,0,0,0,0,0
145,2,48,2,104,117,0,0,1,1,1,0,1,1,0,0,1,0,0,0,0,0,0,0,0,0,0
146,2,49,2,104,117,0,0,1,1,1,1,0,0,0,0,1,0,0,0,0,0,0,0,0,0,0
147,2,50,2,104,117,0,0,1,2,2,0,0,2,0,0,1,0,0,0,0,0,0,0,0,0,0
148,2,51,2,104,117,0,0,1,1,0,1,0,0,0,0,1,0,0,0,0,0,0,0,0,0,0
149,2,52,2,104,117,0,0,1,1,1,1,0,0,0,0,1,0,0,0,0,0,0,0,0,0,0
150,2,53,2,104,117,0,0,1,1,1,0,0,1,0,0,1,0,0,0,0,0,0,0,0,0,0
151,2,54,2,104,117,0,0,1,1,1,1,0,0,0,0,1,0,0,0,0,0,0,0,0,0,0
152,2,55,2,104,117,0,0,1,0,1,0,0,1,0,0,1,0,0,0,0,0,0,0,0,0,0
153,2,56,2,104,117,0,0,1,1,1,1,0,0,0,0,1,0,0,0,0,0,0,0,0,0,0
154,2,57,2,104,117,0,0,1,1,1,1,0,0,0,0,1,0,0,0,0,0,0,0,0,0,0
155,2,58,2,104,117,0,0,1,1,1,0,0,1,0,0,1,0,0,0,0,0,0,0,0,0,0
156,2,59,2,104,117,0,0,1,1,1,1,1,0,0,0,1,0,0,0,0,0,0,0,0,0,0
157,2,60,2,104,117,0,0,1,1,1,0,0,1,0,0,1,0,0,0,0,0,0,0,0,0,0
158,2,61,2,104,117,0,0,1,0,0,1,0,0,0,0,1,0,0,0,0,0,0,0,0,0,0
159,2,62,2,104,117,0,0,1,1,1,1,0,0,0,0,1,0,0,0,0,0,0,0,0,0,0
160,2,63,2,104,117,0,0,1,1,1,0,0,1,0,0,1,0,0,0,0,0,0,0,0,0,0
161,2,64,2,104,117,0,0,1,1,1,1,0,0,0,0,1,0,0,0,0,0,0,0,0,0,0
162,2,65,2,104,117,0,0,1,1,1,0,0,1,0,0,1,0,0,0,0,0,0,0,0,0,0
163,2,66,2,104,117,0,0,1,1,1,1,0,0,0,0,1,0,0,0,0,0,0,0,0,0,0
164,2,67,2,104,117,0,0,1,1,1,1,0,0,0,0,1,0,0,0,0,0,0,0,0,0,0
165,2,68,2,104,117,0,0,1,1,1,0,0,1,0,0,1,0,0,0,0,0,0,0,0,0,0
166,2,69,2,104,117,0,0,1,1,1,1,1,0,0,0,1,0,0,0,0,0,0,0,0,0,0
167,2,70,2,120,135,0,0,1,1,1,0,0,1,0,0,1,0,0,0,0,0,0,0,0,0,0
168,2,71,2,120,135,0,0,2,0,0,0,0,0,0,0,1,0,0,0,0,0,0,0,0,0,0
169,2,72,2,120,135,0,0,2,0,0,0,0,0,0,0,1,0,0,0,0,0,0,0,0,0,0
170,2,73,2,120,135,0,0,2,0,0,0,0,0,0,0,1,0,0,0,0,0,0,0,0,0,0
171,2,74,2,120,135,0,0,2,0,0,0,0,0,0,0,1,0,0,0,0,0,0,0,0,0,0
172,2,75,2,120,135,0,0,2,0,0,0,0,0,0,0,1,0,0,0,0,0,0,0,0,0,0
173,2,76,2,120,135,0,0,2,0,0,0,0,0,0,0,1,0,0,0,0,0,0,0,0,0,0
174,2,77,2,120,135,0,0,2,0,0,0,0,0,0,0,1,0,0,0,0,0,0,0,0,0,0
175,2,78,2,120,135,0,0,2,0,0,0,0,0,0,0,1,0,0,0,0,0,0,0,0,0,0
176,2,79,2,120,135,0,0,2,0,0,0,0,0,0,0,1,0,0,0,0,0,0,0,0,0,0
177,2,80,2,120,135,0,0,2,0,0,0,0,0,0,0,1,0,0,0,0,0,0,0,0,0,0
178,2,81,2,120,135,0,0,2,0,0,0,0,0,0,0,1,0,0,0,0,0,0,0,0,0,0
179,2,82,2,120,135,0,0,2,0,0,0,0,0,0,0,1,0,0,0,0,0,0,0,0,0,0
180,2,83,2,120,135,0,0,2,0,0,0,0,0,0,0,1,0,0,0,0,0,0,0,0,0,0
181,2,84,2,120,135,0,0,2,0,0,0,0,0,0,0,1,0,0,0,0,0,0,0,0,0,0
182,2,85,2,120,135,0,0,2,0,0,0,0,0,0,0,1,0,0,0,0,0,0,0,0,0,0
183,2,86,2,120,135,0,0,2,0,0,0,0,0,0,0,1,0,0,0,0,0,0,0,0,0,0
184,2,87,2,120,135,0,0,2,0,0,0,0,0,0,0,1,0,0,0,0,0,0,0,0,0,0
185,2,88,2,120,135,0,0,2,0,0,0,0,0,0,0,1,0,0,0,0,0,0,0,0,0,0
186,2,89,2,120,135,0,0,2,0,0,0,0,0,0,0,1,0,0,0,0,0,0,0,0,0,0
187,2,90,2,120,135,0,0,2,0,0,0,0,0,0,0,1,0,0,0,0,0,0,0,0,0,0
188,2,91,2,120,135,0,0,2,0,0,0,0,0,0,0,1,0,0,0,0,0,0,0,0,0,0
189,2,92,2,120,135,0,0,2,0,0,0,0,0,0,0,1,0,0,0,0,0,0,0,0,0,0
190,2,93,2,120,135,0,0,2,0,0,0,0,0,0,0,1,0,0,0,0,0,0,0,0,0,0
191,2,94,2,120,135,0,0,2,0,0,0,0,0,0,0,1,0,0,0,0,0,0,0,0,0,0
192,2,95,2,120,135,0,0,2,0,0,0,0,0,0,0,1,0,0,0,0,0,0,0,0,0,0
193,2,96,2,120,135,0,0,2,0,0,0,0,0,0,0,1,0,0,0,0,0,0,0,0,0,0
194,2,97,2,120,135,0,0,2,0,0,0,0,0,0,0,1,0,0,0,0,0,0,0,0,0,0
195,2,98,2,120,135,0,0,2,0,0,0,0,0,0,0,1,0,0,0,0,0,0,0,0,0,0
196,2,99,2,120,135,0,0,2,0,0,0,0,0,0,0,1,0,0,0,0,0,0,0,0,0,0
197,3,2,2,4,7,8,9,1,1,1,0,0,1,0,0,1,0,0,0,0,0,0,0,0,0,0
198,3,3,2,4,7,8,9,1,1,0,1,0,1,0,0,1,0,0,0,0,0,0,0,0,0,0
199,3,4,2,4,7,8,9,1,0,1,0,1,1,0,0,1,0,0,0,0,0,0,0,0,0,0
200,3,5,2,8,11,8,9,1,1,0,1,0,0,0,0,1,0,0,0,0,0,0,0,0,0,0
201,3,6,2,8,11,8,9,1,1,1,1,0,1,0,0,1,0,0,0,0,0,0,0,0,0,0
202,3,7,2,8,11,8,9,1,1,1,0,0,1,0,0,1,0,0,0,0,0,0,0,0,0,0
203,3,8,2,16,19,8,9,1,1,0,1,0,1,0,0,1,0,0,0,0,0,0,0,0,0,0
204,3,9,2,16,19,8,9,1,0,1,0,1,1,0,0,1,0,0,0,0,0,0,0,0,0,0
205,3,10,2,16,19,8,9,1,1,0,1,0,0,0,0,1,0,0,0,0,0,0,0,0,0,0
206,3,11,2,24,27,8,9,1,1,1,1,0,1,0,0,1,0,0,0,0,0,0,0,0,0,0
207,3,12,2,24,27,8,9,1,1,1,0,0,1,0,0,1,0,0,0,0,0,0,0,0,0,0
208,3,13,2,24,27,8,9,1,1,0,1,0,1,0,0,1,0,0,0,0,0,0,0,0,0,0
209,3,14,2,32,36,8,9,1,0,1,0,1,1,0,0,1,0,0,0,0,0,0,0,0,0,0
210,3,15,2,32,36,8,9,1,1,0,1,0,0,0,0,1,0,0,0,0,0,0,0,0,0,0
211,3,16,2,32,36,8,9,1,1,1,0,0,1,0,0,1,0,0,0,0,0,0,0,0,0,0
212,3,17,2,32,36,8,9,1,1,1,0,0,1,0,0,1,0,0,0,0,0,0,0,0,0,0
213,3,18,2,32,36,8,9,1,1,0,1,0,1,0,0,1,0,0,0,0,0,0,0,0,0,0
214,3,19,2,32,36,8,9,1,0,1,0,1,1,0,0,1,0,0,0,0,0,0,0,0,0,0
215,3,20,2,40,45,8,9,1,1,0,1,0,1,0,0,1,0,0,0,0,0,0,0,0,0,0
216,3,21,2,40,45,8,9,1,1,1,0,0,1,0,0,1,0,0,0,0,0,0,0,0,0,0
217,3,22,2,40,45,8,9,1,1,1,0,0,1,0,0,1,0,0,0,0,0,0,0,0,0,0
218,3,23,2,40,45,8,9,1,1,0,1,0,1,0,0,1,0,0,0,0,0,0,0,0,0,0
219,3,24,2,40,45,8,9,1,0,1,0,1,1,0,0,1,0,0,0,0,0,0,0,0,0,0
220,3,25,2,48,54,8,9,1,1,0,1,0,1,0,0,1,0,0,0,0,0,0,0,0,0,0
221,3,26,2,48,54,8,9,1,1,1,0,0,1,0,0,1,0,0,0,0,0,0,0,0,0,0
222,3,27,2,48,54,8,9,1,1,1,0,0,1,0,0,1,0,0,0,0,0,0,0,0,0,0
223,3,28,2,48,54,8,9,1,1,0,1,0,1,0,0,1,0,0,0,0,0,0,0,0,0,0
224,3,29,2,48,54,8,9,1,0,1,0,1,1,0,0,1,0,0,0,0,0,0,0,0,0,0
225,3,30,2,48,54,8,9,1,1,0,1,0,1,0,0,1,0,0,0,0,0,0,0,0,0,0
226,3,31,2,48,54,8,9,1,1,1,0,0,1,0,0,1,0,0,0,0,0,0,0,0,0,0
227,3,32,2,48,54,8,9,1,1,1,0,0,1,0,0,1,0,0,0,0,0,0,0,0,0,0
228,3,33,2,56,63,8,9,1,1,0,1,0,1,0,0,1,0,0,0,0,0,0,0,0,0,0
229,3,34,2,56,63,8,9,1,0,1,0,1,1,0,0,1,0,0,0,0,0,0,0,0,0,0
230,3,35,2,56,63,8,9,1,1,0,1,0,1,0,0,1,0,0,0,0,0,0,0,0,0,0
231,3,36,2,64,72,8,9,1,1,1,0,0,1,0,0,1,0,0,0,0,0,0,0,0,0,0
232,3,37,2,64,72,8,9,1,1,1,0,0,1,0,0,1,0,0,0,0,0,0,0,0,0,0
233,3,38,2,64,72,8,9,1,1,0,1,0,1,0,0,1,0,0,0,0,0,0,0,0,0,0
234,3,39,2,72,81,8,9,1,1,1,0,1,1,0,0,1,0,0,0,0,0,0,0,0,0,0
235,3,40,2,72,81,8,9,1,0,0,0,0,2,0,0,1,0,0,0,0,0,0,0,0,0,0
236,3,41,2,72,81,8,9,1,1,1,1,0,1,0,0,1,0,0,0,0,0,0,0,0,0,0
237,3,42,2,72,81,8,9,1,1,1,0,0,1,0,0,1,0,0,0,0,0,0,0,0,0,0
238,3,43,2,72,81,8,9,1,1,0,1,0,1,0,0,1,0,0,0,0,0,0,0,0,0,0
239,3,44,2,72,81,8,9,1,1,1,0,1,1,0,0,1,0,0,0,0,0,0,0,0,0,0
240,3,45,2,72,81,8,9,1,0,0,0,0,2,0,0,1,0,0,0,0,0,0,0,0,0,0
241,3,46,2,72,81,8,9,1,1,1,1,0,1,0,0,1,0,0,0,0,0,0,0,0,0,0
242,3,47,2,80,90,8,9,1,1,1,0,0,1,0,0,1,0,0,0,0,0,0,0,0,0,0
243,3,48,2,80,90,8,9,1,1,0,1,0,1,0,0,1,0,0,0,0,0,0,0,0,0,0
244,3,49,2,80,90,8,9,1,1,1,0,1,1,0,0,1,0,0,0,0,0,0,0,0,0,0
245,3,50,2,80,90,8,9,1,0,0,0,0,2,0,0,1,0,0,0,0,0,0,0,0,0,0
246,3,51,2,80,90,8,9,1,0,1,1,0,1,0,0,1,0,0,0,0,0,0,0,0,0,0
247,3,52,2,80,90,8,9,1,1,1,0,0,0,0,0,1,0,0,0,0,0,0,0,0,0,0
248,3,53,2,80,90,8,9,1,0,0,1,0,1,0,0,1,0,0,0,0,0,0,0,0,0,0
249,3,54,2,80,90,8,9,1,1,1,0,1,1,0,0,1,0,0,0,0,0,0,0,0,0,0
250,3,55,2,80,90,8,9,1,0,0,0,0,0,0,0,1,0,0,0,0,0,0,0,0,0,0
251,3,56,2,80,90,8,9,1,0,1,1,0,1,0,0,1,0,0,0,0,0,0,0,0,0,0
252,3,57,2,80,90,8,9,1,1,1,0,0,0,0,0,1,0,0,0,0,0,0,0,0,0,0
253,3,58,2,80,90,8,9,1,0,0,1,0,1,0,0,1,0,0,0,0,0,0,0,0,0,0
254,3,59,2,80,90,8,9,1,1,1,0,1,0,0,0,1,0,0,0,0,0,0,0,0,0,0
255,3,60,2,88,99,8,9,1,0,0,0,0,1,0,0,1,0,0,0,0,0,0,0,0,0,0
256,3,61,2,88,99,8,9,1,0,1,1,0,0,0,0,1,0,0,0,0,0,0,0,0,0,0
257,3,62,2,88,99,8,9,1,1,1,0,0,1,0,0,1,0,0,0,0,0,0,0,0,0,0
258,3,63,2,88,99,8,9,1,0,0,1,0,0,0,0,1,0,0,0,0,0,0,0,0,0,0
259,3,64,2,88,99,8,9,1,1,1,0,1,1,0,0,1,0,0,0,0,0,0,0,0,0,0
260,3,65,2,88,99,8,9,1,0,0,0,0,0,0,0,1,0,0,0,0,0,0,0,0,0,0
261,3,66,2,88,99,8,9,1,0,1,1,0,1,0,0,1,0,0,0,0,0,0,0,0,0,0
262,3,67,2,88,99,8,9,1,1,1,0,0,0,0,0,1,0,0,0,0,0,0,0,0,0,0
263,3,68,2,88,99,8,9,1,0,0,1,0,1,0,0,1,0,0,0,0,0,0,0,0,0,0
264,3,69,2,88,99,8,9,1,0,1,0,1,0,0,0,1,0,0,0,0,0,0,0,0,0,0
265,3,70,2,96,108,8,9,1,1,0,0,0,1,0,0,1,0,0,0,0,0,0,0,0,0,0
266,3,71,2,96,108,8,9,2,0,0,0,0,0,0,0,1,0,0,0,0,0,0,0,0,0,0
267,3,72,2,96,108,8,9,2,0,0,0,0,0,0,0,1,0,0,0,0,0,0,0,0,0,0
268,3,73,2,96,108,8,9,2,0,0,0,0,0,0,0,1,0,0,0,0,0,0,0,0,0,0
269,3,74,2,96,108,8,9,2,0,0,0,0,0,0,0,1,0,0,0,0,0,0,0,0,0,0
270,3,75,2,96,108,8,9,2,0,0,0,0,0,0,0,1,0,0,0,0,0,0,0,0,0,0
271,3,76,2,96,108,8,9,2,0,0,0,0,0,0,0,1,0,0,0,0,0,0,0,0,0,0
272,3,77,2,96,108,8,9,2,0,0,0,0,0,0,0,1,0,0,0,0,0,0,0,0,0,0
273,3,78,2,96,108,8,9,2,0,0,0,0,0,0,0,1,0,0,0,0,0,0,0,0,0,0
274,3,79,2,96,108,8,9,2,0,0,0,0,0,0,0,1,0,0,0,0,0,0,0,0,0,0
275,3,80,2,96,108,8,9,2,0,0,0,0,0,0,0,1,0,0,0,0,0,0,0,0,0,0
276,3,81,2,96,108,8,9,2,0,0,0,0,0,0,0,1,0,0,0,0,0,0,0,0,0,0
277,3,82,2,96,108,8,9,2,0,0,0,0,0,0,0,1,0,0,0,0,0,0,0,0,0,0
278,3,83,2,96,108,8,9,2,0,0,0,0,0,0,0,1,0,0,0,0,0,0,0,0,0,0
279,3,84,2,96,108,8,9,2,0,0,0,0,0,0,0,1,0,0,0,0,0,0,0,0,0,0
280,3,85,2,96,108,8,9,2,0,0,0,0,0,0,0,1,0,0,0,0,0,0,0,0,0,0
281,3,86,2,96,108,8,9,2,0,0,0,0,0,0,0,1,0,0,0,0,0,0,0,0,0,0
282,3,87,2,96,108,8,9,2,0,0,0,0,0,0,0,1,0,0,0,0,0,0,0,0,0,0
283,3,88,2,96,108,8,9,2,0,0,0,0,0,0,0,1,0,0,0,0,0,0,0,0,0,0
284,3,89,2,96,108,8,9,2,0,0,0,0,0,0,0,1,0,0,0,0,0,0,0,0,0,0
285,3,90,2,96,108,8,9,2,0,0,0,0,0,0,0,1,0,0,0,0,0,0,0,0,0,0
286,3,91,2,96,108,8,9,2,0,0,0,0,0,0,0,1,0,0,0,0,0,0,0,0,0,0
287,3,92,2,96,108,8,9,2,0,0,0,0,0,0,0,1,0,0,0,0,0,0,0,0,0,0
288,3,93,2,96,108,8,9,2,0,0,0,0,0,0,0,1,0,0,0,0,0,0,0,0,0,0
289,3,94,2,96,108,8,9,2,0,0,0,0,0,0,0,1,0,0,0,0,0,0,0,0,0,0
290,3,95,2,96,108,8,9,2,0,0,0,0,0,0,0,1,0,0,0,0,0,0,0,0,0,0
291,3,96,2,96,108,8,9,2,0,0,0,0,0,0,0,1,0,0,0,0,0,0,0,0,0,0
292,3,97,2,96,108,8,9,2,0,0,0,0,0,0,0,1,0,0,0,0,0,0,0,0,0,0
293,3,98,2,96,108,8,9,2,0,0,0,0,0,0,0,1,0,0,0,0,0,0,0,0,0,0
294,3,99,2,96,108,8,9,2,0,0,0,0,0,0,0,1,0,0,0,0,0,0,0,0,0,0
295,4,2,2,8,9,5,5,1,0,0,1,1,0,0,0,1,0,0,0,0,0,0,0,0,0,0
296,4,3,2,8,9,5,5,1,0,1,0,0,1,0,0,1,0,0,0,0,0,0,0,0,0,0
297,4,4,2,8,9,5,5,1,1,0,1,1,0,0,0,1,0,0,0,0,0,0,0,0,0,0
298,4,5,2,8,9,5,5,1,0,0,0,0,1,0,0,1,0,0,0,0,0,0,0,0,0,0
299,4,6,2,8,9,5,5,1,0,1,1,1,0,0,0,1,0,0,0,0,0,0,0,0,0,0
300,4,7,2,8,9,5,5,1,1,0,0,1,1,0,0,1,0,0,0,0,0,0,0,0,0,0
301,4,8,2,8,9,5,5,1,0,0,1,1,0,0,0,1,0,0,0,0,0,0,0,0,0,0
302,4,9,2,8,9,5,5,1,0,1,0,1,1,0,0,1,0,0,0,0,0,0,0,0,0,0
303,4,10,2,16,18,8,9,1,1,0,1,1,0,0,0,1,0,0,0,0,0,0,0,0,0,0
304,4,11,2,16,18,8,9,1,0,0,0,0,1,0,0,1,0,0,0,0,0,0,0,0,0,0
305,4,12,2,16,18,8,9,1,1,1,0,1,1,0,0,1,0,0,0,0,0,0,0,0,0,0
306,4,13,2,16,18,8,9,1,0,0,1,1,1,0,0,1,0,0,0,0,0,0,0,0,0,0
307,4,14,2,16,18,8,9,1,1,1,0,1,1,0,0,1,0,0,0,0,0,0,0,0,0,0
308,4,15,2,16,18,8,9,1,0,0,1,1,1,0,0,1,0,0,0,0,0,0,0,0,0,0
309,4,16,2,24,27,8,9,1,1,1,0,0,1,0,0,1,0,0,0,0,0,0,0,0,0,0
310,4,17,2,24,27,8,9,1,0,0,0,1,0,0,0,1,0,0,0,0,0,0,0,0,0,0
311,4,18,2,24,27,8,9,1,1,1,1,1,1,0,0,1,0,0,0,0,0,0,0,0,0,0
312,4,19,2,24,27,8,9,1,0,0,0,1,1,0,0,1,0,0,0,0,0,0,0,0,0,0
313,4,20,2,24,27,8,9,1,1,1,1,1,1,0,0,1,0,0,0,0,0,0,0,0,0,0
314,4,21,2,24,27,8,9,1,0,0,0,0,1,0,0,1,0,0,0,0,0,0,0,0,0,0
315,4,22,2,24,27,8,9,1,1,1,0,1,1,0,0,1,0,0,0,0,0,0,0,0,0,0
316,4,23,2,32,36,8,9,1,1,0,1,1,1,0,0,1,0,0,0,0,0,0,0,0,0,0
317,4,24,2,32,36,8,9,1,0,1,0,1,1,0,0,1,0,0,0,0,0,0,0,0,0,0
318,4,25,2,32,36,8,9,1,1,0,1,1,1,0,0,1,0,0,0,0,0,0,0,0,0,0
319,4,26,2,32,36,8,9,1,0,1,0,0,1,0,0,1,0,0,0,0,0,0,0,0,0,0
320,4,27,2,32,36,8,9,1,1,0,0,1,0,0,0,1,0,0,0,0,0,0,0,0,0,0
321,4,28,2,32,36,8,9,1,0,1,1,1,1,0,0,1,0,0,0,0,0,0,0,0,0,0
322,4,29,2,32,36,8,9,1,1,0,0,1,1,0,0,1,0,0,0,0,0,0,0,0,0,0
323,4,30,2,32,36,8,9,1,0,1,1,1,1,0,0,1,0,0,0,0,0,0,0,0,0,0
324,4,31,2,40,45,10,11,1,1,0,0,0,1,0,0,1,0,0,0,0,0,0,0,0,0,0
325,4,32,2,40,45,10,11,1,0,1,0,1,1,0,0,1,0,0,0,0,0,0,0,0,0,0
326,4,33,2,40,45,10,11,1,1,0,1,1,1,0,0,1,0,0,0,0,0,0,0,0,0,0
327,4,34,2,40,45,10,11,1,0,1,0,1,1,0,0,1,0,0,0,0,0,0,0,0,0,0
328,4,35,2,40,45,10,11,1,1,0,1,1,1,0,0,1,0,0,0,0,0,0,0,0,0,0
329,4,36,2,40,45,10,11,1,0,1,0,0,1,0,0,1,0,0,0,0,0,0,0,0,0,0
330,4,37,2,40,45,10,11,1,1,0,0,1,0,0,0,1,0,0,0,0,0,0,0,0,0,0
331,4,38,2,40,45,10,11,1,0,1,1,1,1,0,0,1,0,0,0,0,0,0,0,0,0,0
332,4,39,2,40,45,10,11,1,1,0,0,1,1,0,0,1,0,0,0,0,0,0,0,0,0,0
333,4,40,2,40,45,10,11,1,0,1,1,1,1,0,0,1,0,0,0,0,0,0,0,0,0,0
334,4,41,2,48,54,10,11,1,1,0,0,0,1,0,0,1,0,0,0,0,0,0,0,0,0,0
335,4,42,2,48,54,10,11,1,0,1,0,1,1,0,0,1,0,0,0,0,0,0,0,0,0,0
336,4,43,2,48,54,10,11,1,1,0,1,1,1,0,0,1,0,0,0,0,0,0,0,0,0,0
337,4,44,2,48,54,10,11,1,0,1,0,1,1,0,0,1,0,0,0,0,0,0,0,0,0,0
338,4,45,2,56,63,10,11,1,1,0,1,1,1,0,0,1,0,0,0,0,0,0,0,0,0,0
339,4,46,2,56,63,10,11,1,0,1,0,0,1,0,0,1,0,0,0,0,0,0,0,0,0,0
340,4,47,2,56,63,10,11,1,1,0,0,1,0,0,0,1,0,0,0,0,0,0,0,0,0,0
341,4,48,2,56,63,10,11,1,0,1,1,1,1,0,0,1,0,0,0,0,0,0,0,0,0,0
342,4,49,2,56,63,10,11,1,1,0,0,1,1,0,0,1,0,0,0,0,0,0,0,0,0,0
343,4,50,2,56,63,10,11,1,0,1,1,1,1,0,0,1,0,0,0,0,0,0,0,0,0,0
344,4,51,2,64,72,10,11,1,0,0,0,0,1,0,0,1,0,0,0,0,0,0,0,0,0,0
345,4,52,2,64,72,10,11,1,1,0,0,1,1,0,0,1,0,0,0,0,0,0,0,0,0,0
346,4,53,2,64,72,10,11,1,0,1,1,1,0,0,0,1,0,0,0,0,0,0,0,0,0,0
347,4,54,2,64,72,10,11,1,1,0,0,1,1,0,0,1,0,0,0,0,0,0,0,0,0,0
348,4,55,2,64,72,10,11,1,0,1,1,1,0,0,0,1,0,0,0,0,0,0,0,0,0,0
349,4,56,2,64,72,10,11,1,1,0,0,0,1,0,0,1,0,0,0,0,0,0,0,0,0,0
350,4,57,2,64,72,10,11,1,0,1,0,1,0,0,0,1,0,0,0,0,0,0,0,0,0,0
351,4,58,2,64,72,10,11,1,1,0,1,1,0,0,0,1,0,0,0,0,0,0,0,0,0,0
352,4,59,2,64,72,10,11,1,0,1,0,1,1,0,0,1,0,0,0,0,0,0,0,0,0,0
353,4,60,2,64,72,10,11,1,1,0,1,1,0,0,0,1,0,0,0,0,0,0,0,0,0,0
354,4,61,2,72,81,10,11,1,0,1,0,0,1,0,0,1,0,0,0,0,0,0,0,0,0,0
355,4,62,2,72,81,10,11,1,1,0,0,1,0,0,0,1,0,0,0,0,0,0,0,0,0,0
356,4,63,2,72,81,10,11,1,0,1,1,1,0,0,0,1,0,0,0,0,0,0,0,0,0,0
357,4,64,2,72,81,10,11,1,1,0,0,1,1,0,0,1,0,0,0,0,0,0,0,0,0,0
358,4,65,2,72,81,10,11,1,0,1,1,1,0,0,0,1,0,0,0,0,0,0,0,0,0,0
359,4,66,2,72,81,10,11,1,1,0,0,0,1,0,0,1,0,0,0,0,0,0,0,0,0,0
360,4,67,2,72,81,10,11,1,0,1,0,1,0,0,0,1,0,0,0,0,0,0,0,0,0,0
361,4,68,2,72,81,10,11,1,1,0,1,1,0,0,0,1,0,0,0,0,0,0,0,0,0,0
362,4,69,2,72,81,10,11,1,0,1,0,1,1,0,0,1,0,0,0,0,0,0,0,0,0,0
363,4,70,2,80,90,10,11,1,1,0,1,1,0,0,0,1,0,0,0,0,0,0,0,0,0,0
364,4,71,2,80,90,10,11,2,0,0,0,0,0,0,0,1,0,0,0,0,0,0,0,0,0,0
365,4,72,2,80,90,10,11,2,0,0,0,0,0,0,0,1,0,0,0,0,0,0,0,0,0,0
366,4,73,2,80,90,10,11,2,0,0,0,0,0,0,0,1,0,0,0,0,0,0,0,0,0,0
367,4,74,2,80,90,10,11,2,0,0,0,0,0,0,0,1,0,0,0,0,0,0,0,0,0,0
368,4,75,2,80,90,10,11,2,0,0,0,0,0,0,0,1,0,0,0,0,0,0,0,0,0,0
369,4,76,2,80,90,10,11,2,0,0,0,0,0,0,0,1,0,0,0,0,0,0,0,0,0,0
370,4,77,2,80,90,10,11,2,0,0,0,0,0,0,0,1,0,0,0,0,0,0,0,0,0,0
371,4,78,2,80,90,10,11,2,0,0,0,0,0,0,0,1,0,0,0,0,0,0,0,0,0,0
372,4,79,2,80,90,10,11,2,0,0,0,0,0,0,0,1,0,0,0,0,0,0,0,0,0,0
373,4,80,2,80,90,10,11,2,0,0,0,0,0,0,0,1,0,0,0,0,0,0,0,0,0,0
374,4,81,2,80,90,10,11,2,0,0,0,0,0,0,0,1,0,0,0,0,0,0,0,0,0,0
375,4,82,2,80,90,10,11,2,0,0,0,0,0,0,0,1,0,0,0,0,0,0,0,0,0,0
376,4,83,2,80,90,10,11,2,0,0,0,0,0,0,0,1,0,0,0,0,0,0,0,0,0,0
377,4,84,2,80,90,10,11,2,0,0,0,0,0,0,0,1,0,0,0,0,0,0,0,0,0,0
378,4,85,2,80,90,10,11,2,0,0,0,0,0,0,0,1,0,0,0,0,0,0,0,0,0,0
379,4,86,2,80,90,10,11,2,0,0,0,0,0,0,0,1,0,0,0,0,0,0,0,0,0,0
380,4,87,2,80,90,10,11,2,0,0,0,0,0,0,0,1,0,0,0,0,0,0,0,0,0,0
381,4,88,2,80,90,10,11,2,0,0,0,0,0,0,0,1,0,0,0,0,0,0,0,0,0,0
382,4,89,2,80,90,10,11,2,0,0,0,0,0,0,0,1,0,0,0,0,0,0,0,0,0,0
383,4,90,2,80,90,10,11,2,0,0,0,0,0,0,0,1,0,0,0,0,0,0,0,0,0,0
384,4,91,2,80,90,10,11,2,0,0,0,0,0,0,0,1,0,0,0,0,0,0,0,0,0,0
385,4,92,2,80,90,10,11,2,0,0,0,0,0,0,0,1,0,0,0,0,0,0,0,0,0,0
386,4,93,2,80,90,10,11,2,0,0,0,0,0,0,0,1,0,0,0,0,0,0,0,0,0,0
387,4,94,2,80,90,10,11,2,0,0,0,0,0,0,0,1,0,0,0,0,0,0,0,0,0,0
388,4,95,2,80,90,10,11,2,0,0,0,0,0,0,0,1,0,0,0,0,0,0,0,0,0,0
389,4,96,2,80,90,10,11,2,0,0,0,0,0,0,0,1,0,0,0,0,0,0,0,0,0,0
390,4,97,2,80,90,10,11,2,0,0,0,0,0,0,0,1,0,0,0,0,0,0,0,0,0,0
391,4,98,2,80,90,10,11,2,0,0,0,0,0,0,0,1,0,0,0,0,0,0,0,0,0,0
392,4,99,2,80,90,10,11,2,0,0,0,0,0,0,0,1,0,0,0,0,0,0,0,0,0,0
393,5,2,2,8,16,0,0,1,1,1,0,0,0,0,0,1,0,0,0,0,0,0,0,0,0,0
394,5,3,2,8,16,0,0,1,0,1,0,0,0,0,0,1,0,0,0,0,0,0,0,0,0,0
395,5,4,2,8,16,0,0,1,1,1,1,0,0,0,0,1,0,0,0,0,0,0,0,0,0,0
396,5,5,2,16,24,0,0,1,0,2,0,0,0,0,0,1,0,0,0,0,0,0,0,0,0,0
397,5,6,2,16,24,0,0,1,1,1,1,0,0,0,0,1,0,0,0,0,0,0,0,0,0,0
398,5,7,2,16,24,0,0,1,1,1,0,0,0,0,0,1,0,0,0,0,0,0,0,0,0,0
399,5,8,2,24,32,0,0,1,1,1,0,0,0,0,0,1,0,0,0,0,0,0,0,0,0,0
400,5,9,2,24,32,0,0,1,1,1,1,0,0,0,0,1,0,0,0,0,0,0,0,0,0,0
401,5,10,2,24,32,0,0,1,2,2,0,0,0,0,0,1,0,0,0,0,0,0,0,0,0,0
402,5,11,2,40,48,0,0,1,1,1,1,0,0,0,0,1,0,0,0,0,0,0,0,0,0,0
403,5,12,2,40,48,0,0,1,1,1,0,0,0,0,0,1,0,0,0,0,0,0,0,0,0,0
404,5,13,2,40,48,0,0,1,1,1,0,0,0,0,0,1,0,0,0,0,0,0,0,0,0,0
405,5,14,2,48,56,0,0,1,1,1,1,0,0,0,0,1,0,0,0,0,0,0,0,0,0,0
406,5,15,2,48,56,0,0,1,2,2,0,0,0,0,0,1,0,0,0,0,0,0,0,0,0,0
407,5,16,2,48,56,0,0,1,1,1,1,0,0,0,0,1,0,0,0,0,0,0,0,0,0,0
408,5,17,2,56,64,0,0,1,1,1,0,0,0,0,0,1,0,0,0,0,0,0,0,0,0,0
409,5,18,2,56,64,0,0,1,1,1,0,0,0,0,0,1,0,0,0,0,0,0,0,0,0,0
410,5,19,2,56,64,0,0,1,1,1,1,0,0,0,0,1,0,0,0,0,0,0,0,0,0,0
411,5,20,2,64,72,0,0,1,2,2,0,0,0,0,0,1,0,0,0,0,0,0,0,0,0,0
412,5,21,2,64,72,0,0,1,1,1,1,0,0,0,0,1,0,0,0,0,0,0,0,0,0,0
413,5,22,2,64,72,0,0,1,1,1,0,0,0,0,0,1,0,0,0,0,0,0,0,0,0,0
414,5,23,2,72,81,0,0,1,1,1,0,0,0,0,0,1,0,0,0,0,0,0,0,0,0,0
415,5,24,2,72,81,0,0,1,1,1,1,0,0,0,0,1,0,0,0,0,0,0,0,0,0,0
416,5,25,2,72,81,0,0,1,2,2,0,0,0,0,0,1,0,0,0,0,0,0,0,0,0,0
417,5,26,2,80,90,0,0,1,1,0,1,0,0,0,0,1,0,0,0,0,0,0,0,0,0,0
418,5,27,2,80,90,0,0,1,1,1,0,0,0,0,0,1,0,0,0,0,0,0,0,0,0,0
419,5,28,2,80,90,0,0,1,1,1,0,0,0,0,0,1,0,0,0,0,0,0,0,0,0,0
420,5,29,2,80,90,0,0,1,1,1,1,0,0,0,0,1,0,0,0,0,0,0,0,0,0,0
421,5,30,2,88,99,0,0,1,2,2,0,0,0,0,0,1,0,0,0,0,0,0,0,0,0,0
422,5,31,2,88,99,0,0,1,1,0,0,0,0,0,0,1,0,0,0,0,0,0,0,0,0,0
423,5,32,2,88,99,0,0,1,1,1,1,0,0,0,0,1,0,0,0,0,0,0,0,0,0,0
424,5,33,2,96,108,0,0,1,1,1,0,0,0,0,0,1,0,0,0,0,0,0,0,0,0,0
425,5,34,2,96,108,0,0,1,2,2,0,0,0,0,0,1,0,0,0,0,0,0,0,0,0,0
426,5,35,2,96,108,0,0,1,1,0,1,0,0,0,0,1,0,0,0,0,0,0,0,0,0,0
427,5,36,2,104,117,0,0,1,1,1,0,0,0,0,0,1,0,0,0,0,0,0,0,0,0,0
428,5,37,2,104,117,0,0,1,2,2,0,0,0,0,0,1,0,0,0,0,0,0,0,0,0,0
429,5,38,2,104,117,0,0,1,1,0,1,0,0,0,0,1,0,0,0,0,0,0,0,0,0,0
430,5,39,2,112,126,0,0,1,1,1,0,0,0,0,0,1,0,0,0,0,0,0,0,0,0,0
431,5,40,2,112,126,0,0,1,2,2,0,0,0,0,0,1,0,0,0,0,0,0,0,0,0,0
432,5,41,2,112,126,0,0,1,1,0,1,0,0,0,0,1,0,0,0,0,0,0,0,0,0,0
433,5,42,2,120,135,0,0,1,2,2,0,0,0,0,0,1,0,0,0,0,0,0,0,0,0,0
434,5,43,2,120,135,0,0,1,1,0,1,0,0,0,0,1,0,0,0,0,0,0,0,0,0,0
435,5,44,2,120,135,0,0,1,2,2,0,0,0,0,0,1,0,0,0,0,0,0,0,0,0,0
436,5,45,2,120,135,0,0,1,1,0,1,0,0,0,0,1,0,0,0,0,0,0,0,0,0,0
437,5,46,2,128,144,0,0,1,2,2,0,0,0,0,0,1,0,0,0,0,0,0,0,0,0,0
438,5,47,2,128,144,0,0,1,1,0,1,0,0,0,0,1,0,0,0,0,0,0,0,0,0,0
439,5,48,2,128,144,0,0,1,2,2,0,0,0,0,0,1,0,0,0,0,0,0,0,0,0,0
440,5,49,2,136,153,0,0,1,1,0,1,0,0,0,0,1,0,0,0,0,0,0,0,0,0,0
441,5,50,2,136,153,0,0,1,2,2,0,0,0,0,0,1,0,0,0,0,0,0,0,0,0,0
442,5,51,2,136,153,0,0,1,1,1,0,0,0,0,0,1,0,0,0,0,0,0,0,0,0,0
443,5,52,2,136,153,0,0,1,1,1,1,0,0,0,0,1,0,0,0,0,0,0,0,0,0,0
444,5,53,2,136,153,0,0,1,1,1,0,0,0,0,0,1,0,0,0,0,0,0,0,0,0,0
445,5,54,2,136,153,0,0,1,1,1,1,0,0,0,0,1,0,0,0,0,0,0,0,0,0,0
446,5,55,2,136,153,0,0,1,1,1,0,0,0,0,0,1,0,0,0,0,0,0,0,0,0,0
447,5,56,2,136,153,0,0,1,1,1,0,0,0,0,0,1,0,0,0,0,0,0,0,0,0,0
448,5,57,2,136,153,0,0,1,1,1,1,0,0,0,0,1,0,0,0,0,0,0,0,0,0,0
449,5,58,2,136,153,0,0,1,1,1,0,0,0,0,0,1,0,0,0,0,0,0,0,0,0,0
450,5,59,2,136,153,0,0,1,1,1,1,0,0,0,0,1,0,0,0,0,0,0,0,0,0,0
451,5,60,2,144,162,0,0,1,1,1,0,0,0,0,0,1,0,0,0,0,0,0,0,0,0,0
452,5,61,2,144,162,0,0,1,0,1,0,0,0,0,0,1,0,0,0,0,0,0,0,0,0,0
453,5,62,2,144,162,0,0,1,1,1,1,0,0,0,0,1,0,0,0,0,0,0,0,0,0,0
454,5,63,2,144,162,0,0,1,1,1,0,0,0,0,0,1,0,0,0,0,0,0,0,0,0,0
455,5,64,2,144,162,0,0,1,0,1,1,0,0,0,0,1,0,0,0,0,0,0,0,0,0,0
456,5,65,2,144,162,0,0,1,1,1,0,0,0,0,0,1,0,0,0,0,0,0,0,0,0,0
457,5,66,2,144,162,0,0,1,0,1,0,0,0,0,0,1,0,0,0,0,0,0,0,0,0,0
458,5,67,2,144,162,0,0,1,1,1,1,0,0,0,0,1,0,0,0,0,0,0,0,0,0,0
459,5,68,2,144,162,0,0,1,1,1,0,0,0,0,0,1,0,0,0,0,0,0,0,0,0,0
460,5,69,2,144,162,0,0,1,0,1,1,0,0,0,0,1,0,0,0,0,0,0,0,0,0,0
461,5,70,2,152,171,0,0,1,1,1,0,0,0,0,0,1,0,0,0,0,0,0,0,0,0,0
462,5,71,2,152,171,0,0,2,0,0,0,0,0,0,0,1,0,0,0,0,0,0,0,0,0,0
463,5,72,2,152,171,0,0,2,0,0,0,0,0,0,0,1,0,0,0,0,0,0,0,0,0,0
464,5,73,2,152,171,0,0,2,0,0,0,0,0,0,0,1,0,0,0,0,0,0,0,0,0,0
465,5,74,2,152,171,0,0,2,0,0,0,0,0,0,0,1,0,0,0,0,0,0,0,0,0,0
466,5,75,2,152,171,0,0,2,0,0,0,0,0,0,0,1,0,0,0,0,0,0,0,0,0,0
467,5,76,2,152,171,0,0,2,0,0,0,0,0,0,0,1,0,0,0,0,0,0,0,0,0,0
468,5,77,2,152,171,0,0,2,0,0,0,0,0,0,0,1,0,0,0,0,0,0,0,0,0,0
469,5,78,2,152,171,0,0,2,0,0,0,0,0,0,0,1,0,0,0,0,0,0,0,0,0,0
470,5,79,2,152,171,0,0,2,0,0,0,0,0,0,0,1,0,0,0,0,0,0,0,0,0,0
471,5,80,2,152,171,0,0,2,0,0,0,0,0,0,0,1,0,0,0,0,0,0,0,0,0,0
472,5,81,2,152,171,0,0,2,0,0,0,0,0,0,0,1,0,0,0,0,0,0,0,0,0,0
473,5,82,2,152,171,0,0,2,0,0,0,0,0,0,0,1,0,0,0,0,0,0,0,0,0,0
474,5,83,2,152,171,0,0,2,0,0,0,0,0,0,0,1,0,0,0,0,0,0,0,0,0,0
475,5,84,2,152,171,0,0,2,0,0,0,0,0,0,0,1,0,0,0,0,0,0,0,0,0,0
476,5,85,2,152,171,0,0,2,0,0,0,0,0,0,0,1,0,0,0,0,0,0,0,0,0,0
477,5,86,2,152,171,0,0,2,0,0,0,0,0,0,0,1,0,0,0,0,0,0,0,0,0,0
478,5,87,2,152,171,0,0,2,0,0,0,0,0,0,0,1,0,0,0,0,0,0,0,0,0,0
479,5,88,2,152,171,0,0,2,0,0,0,0,0,0,0,1,0,0,0,0,0,0,0,0,0,0
480,5,89,2,152,171,0,0,2,0,0,0,0,0,0,0,1,0,0,0,0,0,0,0,0,0,0
481,5,90,2,152,171,0,0,2,0,0,0,0,0,0,0,1,0,0,0,0,0,0,0,0,0,0
482,5,91,2,152,171,0,0,2,0,0,0,0,0,0,0,1,0,0,0,0,0,0,0,0,0,0
483,5,92,2,152,171,0,0,2,0,0,0,0,0,0,0,1,0,0,0,0,0,0,0,0,0,0
484,5,93,2,152,171,0,0,2,0,0,0,0,0,0,0,1,0,0,0,0,0,0,0,0,0,0
485,5,94,2,152,171,0,0,2,0,0,0,0,0,0,0,1,0,0,0,0,0,0,0,0,0,0
486,5,95,2,152,171,0,0,2,0,0,0,0,0,0,0,1,0,0,0,0,0,0,0,0,0,0
487,5,96,2,152,171,0,0,2,0,0,0,0,0,0,0,1,0,0,0,0,0,0,0,0,0,0
488,5,97,2,152,171,0,0,2,0,0,0,0,0,0,0,1,0,0,0,0,0,0,0,0,0,0
489,5,98,2,152,171,0,0,2,0,0,0,0,0,0,0,1,0,0,0,0,0,0,0,0,0,0
490,5,99,2,152,171,0,0,2,0,0,0,0,0,0,0,1,0,0,0,0,0,0,0,0,0,0
491,6,2,2,8,11,0,0,1,0,0,1,0,0,0,0,1,0,0,0,0,0,0,0,0,0,0
492,6,3,2,8,11,0,0,1,0,0,0,0,0,0,0,1,0,0,0,0,0,0,0,0,0,0
493,6,4,2,16,19,0,0,1,0,0,0,0,0,0,0,1,0,0,0,0,0,0,0,0,0,0
494,6,5,2,16,19,0,0,1,0,0,0,0,0,0,0,1,0,0,0,0,0,0,0,0,0,0
495,6,6,2,16,19,0,0,1,0,0,0,0,0,0,0,1,0,0,0,0,0,0,0,0,0,0
496,6,7,2,16,19,0,0,1,0,0,1,0,0,0,0,1,0,0,0,0,0,0,0,0,0,0
497,6,8,2,16,19,0,0,1,0,0,0,0,0,0,0,1,0,0,0,0,0,0,0,0,0,0
498,6,9,2,16,19,0,0,1,0,0,0,0,0,0,0,1,0,0,0,0,0,0,0,0,0,0
499,6,10,2,16,19,0,0,1,0,0,1,0,0,0,0,1,0,0,0,0,0,0,0,0,0,0
500,6,11,2,16,19,0,0,1,0,0,0,0,0,0,0,1,0,0,0,0,0,0,0,0,0,0
501,6,12,2,16,19,0,0,1,0,0,1,0,0,0,0,1,0,0,0,0,0,0,0,0,0,0
502,6,13,2,16,19,0,0,1,0,0,0,0,0,0,0,1,0,0,0,0,0,0,0,0,0,0
503,6,14,2,16,19,0,0,1,0,0,0,0,0,0,0,1,0,0,0,0,0,0,0,0,0,0
504,6,15,2,16,19,0,0,1,0,0,0,0,0,0,0,1,0,0,0,0,0,0,0,0,0,0
505,6,16,2,16,19,0,0,1,0,0,0,0,0,0,0,1,0,0,0,0,0,0,0,0,0,0
506,6,17,2,16,19,0,0,1,0,0,1,0,0,0,0,1,0,0,0,0,0,0,0,0,0,0
507,6,18,2,16,19,0,0,1,0,0,0,0,0,0,0,1,0,0,0,0,0,0,0,0,0,0
508,6,19,2,16,19,0,0,1,0,0,0,0,0,0,0,1,0,0,0,0,0,0,0,0,0,0
509,6,20,2,16,19,0,0,1,0,0,1,0,0,0,0,1,0,0,0,0,0,0,0,0,0,0
510,6,21,2,24,27,0,0,1,0,0,0,0,0,0,0,1,0,0,0,0,0,0,0,0,0,0
511,6,22,2,24,27,0,0,1,0,0,1,0,0,0,0,1,0,0,0,0,0,0,0,0,0,0
512,6,23,2,24,27,0,0,1,0,0,0,0,0,0,0,1,0,0,0,0,0,0,0,0,0,0
513,6,24,2,24,27,0,0,1,0,0,0,0,0,0,0,1,0,0,0,0,0,0,0,0,0,0
514,6,25,2,24,27,0,0,1,0,0,0,0,0,0,0,1,0,0,0,0,0,0,0,0,0,0
515,6,26,2,24,27,0,0,1,0,0,0,0,0,0,0,1,0,0,0,0,0,0,0,0,0,0
516,6,27,2,24,27,0,0,1,0,0,1,0,0,0,0,1,0,0,0,0,0,0,0,0,0,0
517,6,28,2,24,27,0,0,1,0,0,0,0,0,0,0,1,0,0,0,0,0,0,0,0,0,0
518,6,29,2,24,27,0,0,1,0,0,0,0,0,0,0,1,0,0,0,0,0,0,0,0,0,0
519,6,30,2,24,27,0,0,1,0,0,1,0,0,0,0,1,0,0,0,0,0,0,0,0,0,0
520,6,31,2,24,27,0,0,1,0,0,0,0,0,0,0,1,0,0,0,0,0,0,0,0,0,0
521,6,32,2,24,27,0,0,1,0,0,1,0,0,0,0,1,0,0,0,0,0,0,0,0,0,0
522,6,33,2,24,27,0,0,1,0,0,0,0,0,0,0,1,0,0,0,0,0,0,0,0,0,0
523,6,34,2,24,27,0,0,1,0,0,1,0,0,0,0,1,0,0,0,0,0,0,0,0,0,0
524,6,35,2,24,27,0,0,1,0,0,0,0,0,0,0,1,0,0,0,0,0,0,0,0,0,0
525,6,36,2,24,27,0,0,1,0,0,1,0,0,0,0,1,0,0,0,0,0,0,0,0,0,0
526,6,37,2,24,27,0,0,1,0,0,0,0,0,0,0,1,0,0,0,0,0,0,0,0,0,0
527,6,38,2,24,27,0,0,1,0,0,1,0,0,0,0,1,0,0,0,0,0,0,0,0,0,0
528,6,39,2,24,27,0,0,1,0,0,0,0,0,0,0,1,0,0,0,0,0,0,0,0,0,0
529,6,40,2,24,27,0,0,1,0,0,1,0,0,0,0,1,0,0,0,0,0,0,0,0,0,0
530,6,41,2,24,27,0,0,1,0,0,0,0,0,0,0,1,0,0,0,0,0,0,0,0,0,0
531,6,42,2,24,27,0,0,1,0,0,1,0,0,0,0,1,0,0,0,0,0,0,0,0,0,0
532,6,43,2,24,27,0,0,1,0,0,0,1,1,0,0,1,0,0,0,0,0,0,0,0,0,0
533,6,44,2,24,27,0,0,1,0,0,1,0,0,0,0,1,0,0,0,0,0,0,0,0,0,0
534,6,45,2,24,27,0,0,1,0,0,0,1,1,0,0,1,0,0,0,0,0,0,0,0,0,0
535,6,46,2,24,27,0,0,1,0,0,1,0,0,0,0,1,0,0,0,0,0,0,0,0,0,0
536,6,47,2,24,27,0,0,1,0,0,0,1,1,0,0,1,0,0,0,0,0,0,0,0,0,0
537,6,48,2,24,27,0,0,1,0,0,1,0,0,0,0,1,0,0,0,0,0,0,0,0,0,0
538,6,49,2,24,27,0,0,1,0,0,0,0,0,0,0,1,0,0,0,0,0,0,0,0,0,0
539,6,50,2,24,27,0,0,1,0,0,1,1,1,0,0,1,0,0,0,0,0,0,0,0,0,0
540,6,51,2,24,27,0,0,1,0,0,0,0,0,0,0,1,0,0,0,0,0,0,0,0,0,0
541,6,52,2,24,27,0,0,1,0,0,1,0,0,0,0,1,0,0,0,0,0,0,0,0,0,0
542,6,53,2,24,27,0,0,1,0,0,0,0,0,0,0,1,0,0,0,0,0,0,0,0,0,0
543,6,54,2,24,27,0,0,1,0,0,0,1,1,0,0,1,0,0,0,0,0,0,0,0,0,0
544,6,55,2,24,27,0,0,1,0,0,0,0,0,0,0,1,0,0,0,0,0,0,0,0,0,0
545,6,56,2,24,27,0,0,1,0,0,1,0,0,0,0,1,0,0,0,0,0,0,0,0,0,0
546,6,57,2,24,27,0,0,1,0,0,0,0,0,0,0,1,0,0,0,0,0,0,0,0,0,0
547,6,58,2,24,27,0,0,1,0,0,0,1,1,0,0,1,0,0,0,0,0,0,0,0,0,0
548,6,59,2,24,27,0,0,1,0,0,0,0,0,0,0,1,0,0,0,0,0,0,0,0,0,0
549,6,60,2,24,27,0,0,1,0,0,1,0,0,0,0,1,0,0,0,0,0,0,0,0,0,0
550,6,61,2,24,27,0,0,1,0,0,0,0,0,0,0,1,0,0,0,0,0,0,0,0,0,0
551,6,62,2,24,27,0,0,1,0,0,0,1,1,0,0,1,0,0,0,0,0,0,0,0,0,0
552,6,63,2,24,27,0,0,1,0,0,0,0,0,0,0,1,0,0,0,0,0,0,0,0,0,0
553,6,64,2,24,27,0,0,1,0,0,1,0,0,0,0,1,0,0,0,0,0,0,0,0,0,0
554,6,65,2,24,27,0,0,1,0,0,0,0,0,0,0,1,0,0,0,0,0,0,0,0,0,0
555,6,66,2,24,27,0,0,1,0,0,0,1,1,0,0,1,0,0,0,0,0,0,0,0,0,0
556,6,67,2,24,27,0,0,1,0,0,0,0,0,0,0,1,0,0,0,0,0,0,0,0,0,0
557,6,68,2,24,27,0,0,1,0,0,1,0,0,0,0,1,0,0,0,0,0,0,0,0,0,0
558,6,69,2,24,27,0,0,1,0,0,0,0,0,0,0,1,0,0,0,0,0,0,0,0,0,0
559,6,70,2,24,27,0,0,1,0,0,0,0,0,0,0,1,0,0,0,0,0,0,0,0,0,0
560,6,71,2,24,27,0,0,2,0,0,0,0,0,0,0,1,0,0,0,0,0,0,0,0,0,0
561,6,72,2,24,27,0,0,2,0,0,0,0,0,0,0,1,0,0,0,0,0,0,0,0,0,0
562,6,73,2,24,27,0,0,2,0,0,0,0,0,0,0,1,0,0,0,0,0,0,0,0,0,0
563,6,74,2,24,27,0,0,2,0,0,0,0,0,0,0,1,0,0,0,0,0,0,0,0,0,0
564,6,75,2,24,27,0,0,2,0,0,0,0,0,0,0,1,0,0,0,0,0,0,0,0,0,0
565,6,76,2,24,27,0,0,2,0,0,0,0,0,0,0,1,0,0,0,0,0,0,0,0,0,0
566,6,77,2,24,27,0,0,2,0,0,0,0,0,0,0,1,0,0,0,0,0,0,0,0,0,0
567,6,78,2,24,27,0,0,2,0,0,0,0,0,0,0,1,0,0,0,0,0,0,0,0,0,0
568,6,79,2,24,27,0,0,2,0,0,0,0,0,0,0,1,0,0,0,0,0,0,0,0,0,0
569,6,80,2,24,27,0,0,2,0,0,0,0,0,0,0,1,0,0,0,0,0,0,0,0,0,0
570,6,81,2,24,27,0,0,2,0,0,0,0,0,0,0,1,0,0,0,0,0,0,0,0,0,0
571,6,82,2,24,27,0,0,2,0,0,0,0,0,0,0,1,0,0,0,0,0,0,0,0,0,0
572,6,83,2,24,27,0,0,2,0,0,0,0,0,0,0,1,0,0,0,0,0,0,0,0,0,0
573,6,84,2,24,27,0,0,2,0,0,0,0,0,0,0,1,0,0,0,0,0,0,0,0,0,0
574,6,85,2,24,27,0,0,2,0,0,0,0,0,0,0,1,0,0,0,0,0,0,0,0,0,0
575,6,86,2,24,27,0,0,2,0,0,0,0,0,0,0,1,0,0,0,0,0,0,0,0,0,0
576,6,87,2,24,27,0,0,2,0,0,0,0,0,0,0,1,0,0,0,0,0,0,0,0,0,0
577,6,88,2,24,27,0,0,2,0,0,0,0,0,0,0,1,0,0,0,0,0,0,0,0,0,0
578,6,89,2,24,27,0,0,2,0,0,0,0,0,0,0,1,0,0,0,0,0,0,0,0,0,0
579,6,90,2,24,27,0,0,2,0,0,0,0,0,0,0,1,0,0,0,0,0,0,0,0,0,0
580,6,91,2,24,27,0,0,2,0,0,0,0,0,0,0,1,0,0,0,0,0,0,0,0,0,0
581,6,92,2,24,27,0,0,2,0,0,0,0,0,0,0,1,0,0,0,0,0,0,0,0,0,0
582,6,93,2,24,27,0,0,2,0,0,0,0,0,0,0,1,0,0,0,0,0,0,0,0,0,0
583,6,94,2,24,27,0,0,2,0,0,0,0,0,0,0,1,0,0,0,0,0,0,0,0,0,0
584,6,95,2,24,27,0,0,2,0,0,0,0,0,0,0,1,0,0,0,0,0,0,0,0,0,0
585,6,96,2,24,27,0,0,2,0,0,0,0,0,0,0,1,0,0,0,0,0,0,0,0,0,0
586,6,97,2,24,27,0,0,2,0,0,0,0,0,0,0,1,0,0,0,0,0,0,0,0,0,0
587,6,98,2,24,27,0,0,2,0,0,0,0,0,0,0,1,0,0,0,0,0,0,0,0,0,0
588,6,99,2,24,27,0,0,2,0,0,0,0,0,0,0,1,0,0,0,0,0,0,0,0,0,0
589,7,2,2,5,6,0,0,1,0,1,0,1,1,0,0,1,0,0,0,0,0,0,0,0,0,0
590,7,3,2,5,6,0,0,1,1,0,1,0,0,0,0,1,0,0,0,0,0,0,0,0,0,0
591,7,4,2,5,6,0,0,1,0,0,0,0,0,0,0,1,0,0,0,0,0,0,0,0,0,0
592,7,5,2,5,6,0,0,1,1,1,1,1,1,0,0,1,0,0,0,0,0,0,0,0,0,0
593,7,6,2,10,11,0,0,1,0,0,1,0,0,0,0,1,0,0,0,0,0,0,0,0,0,0
594,7,7,2,10,11,0,0,1,0,1,0,1,1,0,0,1,0,0,0,0,0,0,0,0,0,0
595,7,8,2,10,11,0,0,1,1,0,1,0,0,0,0,1,0,0,0,0,0,0,0,0,0,0
596,7,9,2,10,11,0,0,1,0,0,0,0,0,0,0,1,0,0,0,0,0,0,0,0,0,0
597,7,10,2,10,11,0,0,1,1,1,1,1,1,0,0,1,0,0,0,0,0,0,0,0,0,0
598,7,11,2,15,16,0,0,1,0,0,0,0,0,0,0,1,0,0,0,0,0,0,0,0,0,0
599,7,12,2,15,16,0,0,1,1,1,1,0,0,0,0,1,0,0,0,0,0,0,0,0,0,0
600,7,13,2,15,16,0,0,1,1,0,0,1,1,0,0,1,0,0,0,0,0,0,0,0,0,0
601,7,14,2,15,16,0,0,1,0,0,1,0,0,0,0,1,0,0,0,0,0,0,0,0,0,0
602,7,15,2,15,16,0,0,1,1,1,0,0,0,0,0,1,0,0,0,0,0,0,0,0,0,0
603,7,16,2,15,16,0,0,1,0,0,1,1,1,0,0,1,0,0,0,0,0,0,0,0,0,0
604,7,17,2,15,16,0,0,1,1,1,0,0,0,0,0,1,0,0,0,0,0,0,0,0,0,0
605,7,18,2,15,16,0,0,1,1,0,1,0,0,0,0,1,0,0,0,0,0,0,0,0,0,0
606,7,19,2,15,16,0,0,1,0,0,0,1,1,0,0,1,0,0,0,0,0,0,0,0,0,0
607,7,20,2,20,22,0,0,1,1,1,1,0,0,0,0,1,0,0,0,0,0,0,0,0,0,0
608,7,21,2,20,22,0,0,1,1,0,0,0,0,0,0,1,0,0,0,0,0,0,0,0,0,0
609,7,22,2,20,22,0,0,1,0,1,1,1,1,0,0,1,0,0,0,0,0,0,0,0,0,0
610,7,23,2,20,22,0,0,1,1,0,0,0,0,0,0,1,0,0,0,0,0,0,0,0,0,0
611,7,24,2,20,22,0,0,1,1,0,1,0,0,0,0,1,0,0,0,0,0,0,0,0,0,0
612,7,25,2,20,22,0,0,1,0,1,0,1,1,0,0,1,0,0,0,0,0,0,0,0,0,0
613,7,26,2,20,22,0,0,1,1,0,1,0,0,0,0,1,0,0,0,0,0,0,0,0,0,0
614,7,27,2,20,22,0,0,1,1,1,0,0,0,0,0,1,0,0,0,0,0,0,0,0,0,0
615,7,28,2,20,22,0,0,1,0,0,1,1,1,0,0,1,0,0,0,0,0,0,0,0,0,0
616,7,29,2,20,22,0,0,1,1,0,0,0,0,0,0,1,0,0,0,0,0,0,0,0,0,0
617,7,30,2,25,28,0,0,1,1,1,1,0,0,0,0,1,0,0,0,0,0,0,0,0,0,0
618,7,31,2,25,28,0,0,1,1,0,0,1,1,0,0,1,0,0,0,0,0,0,0,0,0,0
619,7,32,2,25,28,0,0,1,0,1,1,0,0,0,0,1,0,0,0,0,0,0,0,0,0,0
620,7,33,2,25,28,0,0,1,1,0,0,0,0,0,0,1,0,0,0,0,0,0,0,0,0,0
621,7,34,2,25,28,0,0,1,1,0,1,1,1,0,0,1,0,0,0,0,0,0,0,0,0,0
622,7,35,2,25,28,0,0,1,1,1,0,0,0,0,0,1,0,0,0,0,0,0,0,0,0,0
623,7,36,2,25,28,0,0,1,1,0,1,0,0,0,0,1,0,0,0,0,0,0,0,0,0,0
624,7,37,2,25,28,0,0,1,0,1,0,1,1,0,0,1,0,0,0,0,0,0,0,0,0,0
625,7,38,2,25,28,0,0,1,1,0,1,0,0,0,0,1,0,0,0,0,0,0,0,0,0,0
626,7,39,2,25,28,0,0,1,1,0,0,0,0,0,0,1,0,0,0,0,0,0,0,0,0,0
627,7,40,2,30,33,0,0,1,1,1,1,1,1,0,0,1,0,0,0,0,0,0,0,0,0,0
628,7,41,2,30,33,0,0,1,1,0,0,0,0,0,0,1,0,0,0,0,0,0,0,0,0,0
629,7,42,2,30,33,0,0,1,1,1,1,0,0,0,0,1,0,0,0,0,0,0,0,0,0,0
630,7,43,2,30,33,0,0,1,0,0,0,1,1,0,0,1,0,0,0,0,0,0,0,0,0,0
631,7,44,2,30,33,0,0,1,1,0,1,0,0,0,0,1,0,0,0,0,0,0,0,0,0,0
632,7,45,2,30,33,0,0,1,1,1,0,0,0,0,0,1,0,0,0,0,0,0,0,0,0,0
633,7,46,2,30,33,0,0,1,1,0,1,1,1,0,0,1,0,0,0,0,0,0,0,0,0,0
634,7,47,2,30,33,0,0,1,1,1,0,0,0,0,0,1,0,0,0,0,0,0,0,0,0,0
635,7,48,2,30,33,0,0,1,1,0,1,0,0,0,0,1,0,0,0,0,0,0,0,0,0,0
636,7,49,2,30,33,0,0,1,1,0,0,1,1,0,0,1,0,0,0,0,0,0,0,0,0,0
637,7,50,2,35,39,0,0,1,1,1,1,0,0,0,0,1,0,0,0,0,0,0,0,0,0,0
638,7,51,2,80,90,0,0,1,0,0,0,0,0,0,0,1,0,0,0,0,0,0,0,0,0,0
639,7,52,2,80,90,0,0,1,0,1,1,1,1,0,0,1,0,0,0,0,0,0,0,0,0,0
640,7,53,2,80,90,0,0,1,0,0,0,0,0,0,0,1,0,0,0,0,0,0,0,0,0,0
641,7,54,2,80,90,0,0,1,1,0,1,0,0,0,0,1,0,0,0,0,0,0,0,0,0,0
642,7,55,2,80,90,0,0,1,0,0,0,0,0,0,0,1,0,0,0,0,0,0,0,0,0,0
643,7,56,2,80,90,0,0,1,0,0,1,0,0,0,0,1,0,0,0,0,0,0,0,0,0,0
644,7,57,2,80,90,0,0,1,0,1,0,0,0,0,0,1,0,0,0,0,0,0,0,0,0,0
645,7,58,2,80,90,0,0,1,0,0,1,1,1,0,0,1,0,0,0,0,0,0,0,0,0,0
646,7,59,2,80,90,0,0,1,1,0,0,0,0,0,0,1,0,0,0,0,0,0,0,0,0,0
647,7,60,2,80,90,0,0,1,0,1,1,0,0,0,0,1,0,0,0,0,0,0,0,0,0,0
648,7,61,2,88,99,0,0,1,0,0,0,1,1,0,0,1,0,0,0,0,0,0,0,0,0,0
649,7,62,2,88,99,0,0,1,0,1,1,0,0,0,0,1,0,0,0,0,0,0,0,0,0,0
650,7,63,2,88,99,0,0,1,0,0,0,0,0,0,0,1,0,0,0,0,0,0,0,0,0,0
651,7,64,2,88,99,0,0,1,1,0,1,1,1,0,0,1,0,0,0,0,0,0,0,0,0,0
652,7,65,2,88,99,0,0,1,0,0,0,0,0,0,0,1,0,0,0,0,0,0,0,0,0,0
653,7,66,2,88,99,0,0,1,0,0,0,0,0,0,0,1,0,0,0,0,0,0,0,0,0,0
654,7,67,2,88,99,0,0,1,0,1,0,1,1,0,0,1,0,0,0,0,0,0,0,0,0,0
655,7,68,2,88,99,0,0,1,0,0,1,0,0,0,0,1,0,0,0,0,0,0,0,0,0,0
656,7,69,2,88,99,0,0,1,1,0,0,0,0,0,0,1,0,0,0,0,0,0,0,0,0,0
657,7,70,2,88,99,0,0,1,0,1,1,1,1,0,0,1,0,0,0,0,0,0,0,0,0,0
658,7,71,2,88,99,0,0,2,0,0,0,0,0,0,0,1,0,0,0,0,0,0,0,0,0,0
659,7,72,2,88,99,0,0,2,0,0,0,0,0,0,0,1,0,0,0,0,0,0,0,0,0,0
660,7,73,2,88,99,0,0,2,0,0,0,0,0,0,0,1,0,0,0,0,0,0,0,0,0,0
661,7,74,2,88,99,0,0,2,0,0,0,0,0,0,0,1,0,0,0,0,0,0,0,0,0,0
662,7,75,2,88,99,0,0,2,0,0,0,0,0,0,0,1,0,0,0,0,0,0,0,0,0,0
663,7,76,2,88,99,0,0,2,0,0,0,0,0,0,0,1,0,0,0,0,0,0,0,0,0,0
664,7,77,2,88,99,0,0,2,0,0,0,0,0,0,0,1,0,0,0,0,0,0,0,0,0,0
665,7,78,2,88,99,0,0,2,0,0,0,0,0,0,0,1,0,0,0,0,0,0,0,0,0,0
666,7,79,2,88,99,0,0,2,0,0,0,0,0,0,0,1,0,0,0,0,0,0,0,0,0,0
667,7,80,2,88,99,0,0,2,0,0,0,0,0,0,0,1,0,0,0,0,0,0,0,0,0,0
668,7,81,2,88,99,0,0,2,0,0,0,0,0,0,0,1,0,0,0,0,0,0,0,0,0,0
669,7,82,2,88,99,0,0,2,0,0,0,0,0,0,0,1,0,0,0,0,0,0,0,0,0,0
670,7,83,2,88,99,0,0,2,0,0,0,0,0,0,0,1,0,0,0,0,0,0,0,0,0,0
671,7,84,2,88,99,0,0,2,0,0,0,0,0,0,0,1,0,0,0,0,0,0,0,0,0,0
672,7,85,2,88,99,0,0,2,0,0,0,0,0,0,0,1,0,0,0,0,0,0,0,0,0,0
673,7,86,2,88,99,0,0,2,0,0,0,0,0,0,0,1,0,0,0,0,0,0,0,0,0,0
674,7,87,2,88,99,0,0,2,0,0,0,0,0,0,0,1,0,0,0,0,0,0,0,0,0,0
675,7,88,2,88,99,0,0,2,0,0,0,0,0,0,0,1,0,0,0,0,0,0,0,0,0,0
676,7,89,2,88,99,0,0,2,0,0,0,0,0,0,0,1,0,0,0,0,0,0,0,0,0,0
677,7,90,2,88,99,0,0,2,0,0,0,0,0,0,0,1,0,0,0,0,0,0,0,0,0,0
678,7,91,2,88,99,0,0,2,0,0,0,0,0,0,0,1,0,0,0,0,0,0,0,0,0,0
679,7,92,2,88,99,0,0,2,0,0,0,0,0,0,0,1,0,0,0,0,0,0,0,0,0,0
680,7,93,2,88,99,0,0,2,0,0,0,0,0,0,0,1,0,0,0,0,0,0,0,0,0,0
681,7,94,2,88,99,0,0,2,0,0,0,0,0,0,0,1,0,0,0,0,0,0,0,0,0,0
682,7,95,2,88,99,0,0,2,0,0,0,0,0,0,0,1,0,0,0,0,0,0,0,0,0,0
683,7,96,2,88,99,0,0,2,0,0,0,0,0,0,0,1,0,0,0,0,0,0,0,0,0,0
684,7,97,2,88,99,0,0,2,0,0,0,0,0,0,0,1,0,0,0,0,0,0,0,0,0,0
685,7,98,2,88,99,0,0,2,0,0,0,0,0,0,0,1,0,0,0,0,0,0,0,0,0,0
686,7,99,2,88,99,0,0,2,0,0,0,0,0,0,0,1,0,0,0,0,0,0,0,0,0,0
687,8,1,2,8,9,0,0,1,1,1,1,0,0,0,0,1,0,0,0,0,0,0,0,0,0,0
688,8,2,2,8,9,0,0,1,1,1,0,0,0,0,0,1,0,0,0,0,0,0,0,0,0,0
689,8,3,2,8,9,0,0,1,1,1,1,0,0,0,0,1,0,0,0,0,0,0,0,0,0,0
690,8,4,2,16,18,0,0,1,1,1,0,0,0,0,0,1,0,0,0,0,0,0,0,0,0,0
691,8,5,2,16,18,0,0,1,1,1,1,0,0,0,0,1,0,0,0,0,0,0,0,0,0,0
692,8,6,2,16,18,0,0,1,1,1,0,0,0,0,0,1,0,0,0,0,0,0,0,0,0,0
693,8,7,2,24,27,0,0,1,1,1,1,0,0,0,0,1,0,0,0,0,0,0,0,0,0,0
694,8,8,2,24,27,0,0,1,1,1,0,0,0,0,0,1,0,0,0,0,0,0,0,0,0,0
695,8,9,2,32,36,0,0,1,1,1,1,0,0,0,0,1,0,0,0,0,0,0,0,0,0,0
696,8,10,2,32,36,0,0,1,2,2,0,0,0,0,0,1,0,0,0,0,0,0,0,0,0,0
697,8,11,2,40,45,0,0,1,1,1,1,0,0,0,0,1,0,0,0,0,0,0,0,0,0,0
698,8,12,2,40,45,0,0,1,1,1,0,0,0,0,0,1,0,0,0,0,0,0,0,0,0,0
699,8,13,2,48,54,0,0,1,1,1,1,0,0,0,0,1,0,0,0,0,0,0,0,0,0,0
700,8,14,2,48,54,0,0,1,1,1,0,0,0,0,0,1,0,0,0,0,0,0,0,0,0,0
701,8,15,2,56,63,0,0,1,1,1,1,0,0,0,0,1,0,0,0,0,0,0,0,0,0,0
702,8,16,2,56,63,0,0,1,1,1,0,0,0,0,0,1,0,0,0,0,0,0,0,0,0,0
703,8,17,2,64,72,0,0,1,1,1,1,0,0,0,0,1,0,0,0,0,0,0,0,0,0,0
704,8,18,2,64,72,0,0,1,1,1,0,0,0,0,0,1,0,0,0,0,0,0,0,0,0,0
705,8,19,2,72,81,0,0,1,1,1,1,0,0,0,0,1,0,0,0,0,0,0,0,0,0,0
706,8,20,2,72,81,0,0,1,2,2,0,0,0,0,0,1,0,0,0,0,0,0,0,0,0,0
707,8,21,2,72,81,0,0,1,1,0,1,0,0,0,0,1,0,0,0,0,0,0,0,0,0,0
708,8,22,2,80,90,0,0,1,1,1,0,0,0,0,0,1,0,0,0,0,0,0,0,0,0,0
709,8,23,2,80,90,0,0,1,1,1,1,0,0,0,0,1,0,0,0,0,0,0,0,0,0,0
710,8,24,2,80,90,0,0,1,2,2,0,0,0,0,0,1,0,0,0,0,0,0,0,0,0,0
711,8,25,2,88,99,0,0,1,1,0,1,0,0,0,0,1,0,0,0,0,0,0,0,0,0,0
712,8,26,2,88,99,0,0,1,1,1,0,0,0,0,0,1,0,0,0,0,0,0,0,0,0,0
713,8,27,2,88,99,0,0,1,1,1,1,0,0,0,0,1,0,0,0,0,0,0,0,0,0,0
714,8,28,2,88,99,0,0,1,2,2,0,0,0,0,0,1,0,0,0,0,0,0,0,0,0,0
715,8,29,2,88,99,0,0,1,1,0,1,0,0,0,0,1,0,0,0,0,0,0,0,0,0,0
716,8,30,2,88,99,0,0,1,2,2,0,0,0,0,0,1,0,0,0,0,0,0,0,0,0,0
717,8,31,2,96,108,0,0,1,1,0,1,0,0,0,0,1,0,0,0,0,0,0,0,0,0,0
718,8,32,2,96,108,0,0,1,1,1,0,0,0,0,0,1,0,0,0,0,0,0,0,0,0,0
719,8,33,2,104,117,0,0,1,2,2,0,0,0,0,0,1,0,0,0,0,0,0,0,0,0,0
720,8,34,2,104,117,0,0,1,1,0,1,0,0,0,0,1,0,0,0,0,0,0,0,0,0,0
721,8,35,2,112,126,0,0,1,2,2,0,0,0,0,0,1,0,0,0,0,0,0,0,0,0,0
722,8,36,2,112,126,0,0,1,1,0,1,0,0,0,0,1,0,0,0,0,0,0,0,0,0,0
723,8,37,2,120,135,0,0,1,1,1,0,0,0,0,0,1,0,0,0,0,0,0,0,0,0,0
724,8,38,2,120,135,0,0,1,2,2,0,0,0,0,0,1,0,0,0,0,0,0,0,0,0,0
725,8,39,2,128,144,0,0,1,1,0,1,0,0,0,0,1,0,0,0,0,0,0,0,0,0,0
726,8,40,2,128,144,0,0,1,2,2,0,0,0,0,0,1,0,0,0,0,0,0,0,0,0,0
727,8,41,2,128,144,0,0,1,1,0,1,0,0,0,0,1,0,0,0,0,0,0,0,0,0,0
728,8,42,2,136,153,0,0,1,2,2,0,0,0,0,0,1,0,0,0,0,0,0,0,0,0,0
729,8,43,2,136,153,0,0,1,1,0,1,0,0,0,0,1,0,0,0,0,0,0,0,0,0,0
730,8,44,2,136,153,0,0,1,2,2,0,0,0,0,0,1,0,0,0,0,0,0,0,0,0,0
731,8,45,2,144,162,0,0,1,1,0,1,0,0,0,0,1,0,0,0,0,0,0,0,0,0,0
732,8,46,2,144,162,0,0,1,2,2,0,0,0,0,0,1,0,0,0,0,0,0,0,0,0,0
733,8,47,2,144,162,0,0,1,1,0,1,0,0,0,0,1,0,0,0,0,0,0,0,0,0,0
734,8,48,2,144,162,0,0,1,2,2,0,0,0,0,0,1,0,0,0,0,0,0,0,0,0,0
735,8,49,2,144,162,0,0,1,1,0,1,0,0,0,0,1,0,0,0,0,0,0,0,0,0,0
736,8,50,2,144,162,0,0,1,2,2,0,0,0,0,0,1,0,0,0,0,0,0,0,0,0,0
737,8,51,2,144,162,0,0,1,1,0,1,0,0,0,0,1,0,0,0,0,0,0,0,0,0,0
738,8,52,2,144,162,0,0,1,2,2,0,0,0,0,0,1,0,0,0,0,0,0,0,0,0,0
739,8,53,2,144,162,0,0,1,1,0,1,0,0,0,0,1,0,0,0,0,0,0,0,0,0,0
740,8,54,2,144,162,0,0,1,2,2,0,0,0,0,0,1,0,0,0,0,0,0,0,0,0,0
741,8,55,2,144,162,0,0,1,1,0,1,0,0,0,0,1,0,0,0,0,0,0,0,0,0,0
742,8,56,2,144,162,0,0,1,2,2,0,0,0,0,0,1,0,0,0,0,0,0,0,0,0,0
743,8,57,2,144,162,0,0,1,1,0,1,0,0,0,0,1,0,0,0,0,0,0,0,0,0,0
744,8,58,2,144,162,0,0,1,2,2,0,0,0,0,0,1,0,0,0,0,0,0,0,0,0,0
745,8,59,2,144,162,0,0,1,1,0,1,0,0,0,0,1,0,0,0,0,0,0,0,0,0,0
746,8,60,2,152,171,0,0,1,2,2,0,0,0,0,0,1,0,0,0,0,0,0,0,0,0,0
747,8,61,2,0,0,0,0,1,1,1,1,0,0,0,0,1,0,0,0,0,0,0,0,0,0,0
748,8,62,2,0,0,0,0,1,1,1,0,0,0,0,0,1,0,0,0,0,0,0,0,0,0,0
749,8,63,2,0,0,0,0,1,1,1,1,0,0,0,0,1,0,0,0,0,0,0,0,0,0,0
750,8,64,2,0,0,0,0,1,1,1,0,0,0,0,0,1,0,0,0,0,0,0,0,0,0,0
751,8,65,2,0,0,0,0,1,1,1,1,0,0,0,0,1,0,0,0,0,0,0,0,0,0,0
752,8,66,2,0,0,0,0,1,1,1,0,0,0,0,0,1,0,0,0,0,0,0,0,0,0,0
753,8,67,2,0,0,0,0,1,1,1,1,0,0,0,0,1,0,0,0,0,0,0,0,0,0,0
754,8,68,2,0,0,0,0,1,1,1,0,0,0,0,0,1,0,0,0,0,0,0,0,0,0,0
755,8,69,2,0,0,0,0,1,1,1,1,0,0,0,0,1,0,0,0,0,0,0,0,0,0,0
756,8,70,2,0,0,0,0,1,1,1,0,0,0,0,0,1,0,0,0,0,0,0,0,0,0,0
757,8,71,2,0,0,0,0,2,0,0,0,0,0,0,0,1,0,0,0,0,0,0,0,0,0,0
758,8,72,2,0,0,0,0,2,0,0,0,0,0,0,0,1,0,0,0,0,0,0,0,0,0,0
759,8,73,2,0,0,0,0,2,0,0,0,0,0,0,0,1,0,0,0,0,0,0,0,0,0,0
760,8,74,2,0,0,0,0,2,0,0,0,0,0,0,0,1,0,0,0,0,0,0,0,0,0,0
761,8,75,2,0,0,0,0,2,0,0,0,0,0,0,0,1,0,0,0,0,0,0,0,0,0,0
762,8,76,2,0,0,0,0,2,0,0,0,0,0,0,0,1,0,0,0,0,0,0,0,0,0,0
763,8,77,2,0,0,0,0,2,0,0,0,0,0,0,0,1,0,0,0,0,0,0,0,0,0,0
764,8,78,2,0,0,0,0,2,0,0,0,0,0,0,0,1,0,0,0,0,0,0,0,0,0,0
765,8,79,2,0,0,0,0,2,0,0,0,0,0,0,0,1,0,0,0,0,0,0,0,0,0,0
766,8,80,2,0,0,0,0,2,0,0,0,0,0,0,0,1,0,0,0,0,0,0,0,0,0,0
767,8,81,2,0,0,0,0,2,0,0,0,0,0,0,0,1,0,0,0,0,0,0,0,0,0,0
768,8,82,2,0,0,0,0,2,0,0,0,0,0,0,0,1,0,0,0,0,0,0,0,0,0,0
769,8,83,2,0,0,0,0,2,0,0,0,0,0,0,0,1,0,0,0,0,0,0,0,0,0,0
770,8,84,2,0,0,0,0,2,0,0,0,0,0,0,0,1,0,0,0,0,0,0,0,0,0,0
771,8,85,2,0,0,0,0,2,0,0,0,0,0,0,0,1,0,0,0,0,0,0,0,0,0,0
772,8,86,2,0,0,0,0,2,0,0,0,0,0,0,0,1,0,0,0,0,0,0,0,0,0,0
773,8,87,2,0,0,0,0,2,0,0,0,0,0,0,0,1,0,0,0,0,0,0,0,0,0,0
774,8,88,2,0,0,0,0,2,0,0,0,0,0,0,0,1,0,0,0,0,0,0,0,0,0,0
775,8,89,2,0,0,0,0,2,0,0,0,0,0,0,0,1,0,0,0,0,0,0,0,0,0,0
776,8,90,2,0,0,0,0,2,0,0,0,0,0,0,0,1,0,0,0,0,0,0,0,0,0,0
777,8,91,2,0,0,0,0,2,0,0,0,0,0,0,0,1,0,0,0,0,0,0,0,0,0,0
778,8,92,2,0,0,0,0,2,0,0,0,0,0,0,0,1,0,0,0,0,0,0,0,0,0,0
779,8,93,2,0,0,0,0,2,0,0,0,0,0,0,0,1,0,0,0,0,0,0,0,0,0,0
780,8,94,2,0,0,0,0,2,0,0,0,0,0,0,0,1,0,0,0,0,0,0,0,0,0,0
781,8,95,2,0,0,0,0,2,0,0,0,0,0,0,0,1,0,0,0,0,0,0,0,0,0,0
782,8,96,2,0,0,0,0,2,0,0,0,0,0,0,0,1,0,0,0,0,0,0,0,0,0,0
783,8,97,2,0,0,0,0,2,0,0,0,0,0,0,0,1,0,0,0,0,0,0,0,0,0,0
784,8,98,2,0,0,0,0,2,0,0,0,0,0,0,0,1,0,0,0,0,0,0,0,0,0,0
785,8,99,2,0,0,0,0,2,0,0,0,0,0,0,0,1,0,0,0,0,0,0,0,0,0,0
786,9,2,2,8,9,4,5,1,1,1,0,1,0,0,0,1,0,0,0,0,0,0,0,0,0,0
787,9,3,2,8,9,4,5,1,1,0,1,1,0,0,0,1,0,0,0,0,0,0,0,0,0,0
788,9,4,2,8,9,4,5,1,1,1,0,1,0,0,0,1,0,0,0,0,0,0,0,0,0,0
789,9,5,2,8,9,4,5,1,0,0,0,1,1,0,0,1,0,0,0,0,0,0,0,0,0,0
790,9,6,2,8,9,4,5,1,1,1,0,1,0,0,0,1,0,0,0,0,0,0,0,0,0,0
791,9,7,2,8,9,4,5,1,1,1,0,1,0,0,0,1,0,0,0,0,0,0,0,0,0,0
792,9,8,2,8,9,4,5,1,1,0,1,1,0,0,0,1,0,0,0,0,0,0,0,0,0,0
793,9,9,2,8,9,4,5,1,1,1,0,1,0,0,0,1,0,0,0,0,0,0,0,0,0,0
794,9,10,2,8,9,4,5,1,0,0,0,1,1,0,0,1,0,0,0,0,0,0,0,0,0,0
795,9,11,2,16,18,8,9,1,1,1,0,1,0,0,0,1,0,0,0,0,0,0,0,0,0,0
796,9,12,2,16,18,8,9,1,1,1,0,1,0,0,0,1,0,0,0,0,0,0,0,0,0,0
797,9,13,2,16,18,8,9,1,1,0,1,1,0,0,0,1,0,0,0,0,0,0,0,0,0,0
798,9,14,2,24,27,8,9,1,1,1,0,1,0,0,0,1,0,0,0,0,0,0,0,0,0,0
799,9,15,2,24,27,8,9,1,0,0,0,1,1,0,0,1,0,0,0,0,0,0,0,0,0,0
800,9,16,2,24,27,8,9,1,1,1,0,1,0,0,0,1,0,0,0,0,0,0,0,0,0,0
801,9,17,2,24,27,8,9,1,1,1,1,1,0,0,0,1,0,0,0,0,0,0,0,0,0,0
802,9,18,2,32,36,8,9,1,1,0,0,1,0,0,0,1,0,0,0,0,0,0,0,0,0,0
803,9,19,2,32,36,8,9,1,1,1,0,1,0,0,0,1,0,0,0,0,0,0,0,0,0,0
804,9,20,2,32,36,8,9,1,0,0,1,1,1,0,0,1,0,0,0,0,0,0,0,0,0,0
805,9,21,2,32,36,8,9,1,1,1,0,1,0,0,0,1,0,0,0,0,0,0,0,0,0,0
806,9,22,2,32,36,8,9,1,0,1,0,1,0,0,0,1,0,0,0,0,0,0,0,0,0,0
807,9,23,2,32,36,8,9,1,1,0,1,1,0,0,0,1,0,0,0,0,0,0,0,0,0,0
808,9,24,2,32,36,8,9,1,0,1,0,1,0,0,0,1,0,0,0,0,0,0,0,0,0,0
809,9,25,2,32,36,8,9,1,1,0,0,1,1,0,0,1,0,0,0,0,0,0,0,0,0,0
810,9,26,2,32,36,8,9,1,0,1,1,1,0,0,0,1,0,0,0,0,0,0,0,0,0,0
811,9,27,2,32,36,8,9,1,1,1,0,1,0,0,0,1,0,0,0,0,0,0,0,0,0,0
812,9,28,2,32,36,8,9,1,0,0,0,1,0,0,0,1,0,0,0,0,0,0,0,0,0,0
813,9,29,2,32,36,8,9,1,1,1,1,1,0,0,0,1,0,0,0,0,0,0,0,0,0,0
814,9,30,2,40,45,8,9,1,0,0,0,1,1,0,0,1,0,0,0,0,0,0,0,0,0,0
815,9,31,2,40,45,8,9,1,0,1,0,1,0,0,0,1,0,0,0,0,0,0,0,0,0,0
816,9,32,2,40,45,8,9,1,0,1,1,1,0,0,0,1,0,0,0,0,0,0,0,0,0,0
817,9,33,2,40,45,8,9,1,0,0,0,1,0,0,0,1,0,0,0,0,0,0,0,0,0,0
818,9,34,2,40,45,8,9,1,1,1,0,1,0,0,0,1,0,0,0,0,0,0,0,0,0,0
819,9,35,2,48,54,8,9,1,0,0,1,1,1,0,0,1,0,0,0,0,0,0,0,0,0,0
820,9,36,2,48,54,8,9,1,0,1,0,1,0,0,0,1,0,0,0,0,0,0,0,0,0,0
821,9,37,2,48,54,8,9,1,0,1,0,1,0,0,0,1,0,0,0,0,0,0,0,0,0,0
822,9,38,2,48,54,8,9,1,0,0,1,1,0,0,0,1,0,0,0,0,0,0,0,0,0,0
823,9,39,2,48,54,8,9,1,1,1,0,1,0,0,0,1,0,0,0,0,0,0,0,0,0,0
824,9,40,2,48,54,8,9,1,0,0,0,1,1,0,0,1,0,0,0,0,0,0,0,0,0,0
825,9,41,2,48,54,8,9,1,0,1,1,1,0,0,0,1,0,0,0,0,0,0,0,0,0,0
826,9,42,2,48,54,8,9,1,0,1,0,1,0,0,0,1,0,0,0,0,0,0,0,0,0,0
827,9,43,2,56,63,8,9,1,0,0,0,1,0,0,0,1,0,0,0,0,0,0,0,0,0,0
828,9,44,2,56,63,8,9,1,1,1,1,1,0,0,0,1,0,0,0,0,0,0,0,0,0,0
829,9,45,2,56,63,8,9,1,0,0,0,1,1,0,0,1,0,0,0,0,0,0,0,0,0,0
830,9,46,2,56,63,8,9,1,0,1,0,1,0,0,0,1,0,0,0,0,0,0,0,0,0,0
831,9,47,2,56,63,8,9,1,0,1,1,1,0,0,0,1,0,0,0,0,0,0,0,0,0,0
832,9,48,2,56,63,8,9,1,0,0,0,1,0,0,0,1,0,0,0,0,0,0,0,0,0,0
833,9,49,2,56,63,8,9,1,1,1,0,1,0,0,0,1,0,0,0,0,0,0,0,0,0,0
834,9,50,2,56,63,8,9,1,0,0,1,1,1,0,0,1,0,0,0,0,0,0,0,0,0,0
835,9,51,2,56,63,8,9,1,0,0,1,1,1,0,0,1,0,0,0,0,0,0,0,0,0,0
836,9,52,2,56,63,8,9,1,0,1,1,1,0,0,0,1,0,0,0,0,0,0,0,0,0,0
837,9,53,2,56,63,8,9,1,1,0,0,1,0,0,0,1,0,0,0,0,0,0,0,0,0,0
838,9,54,2,56,63,8,9,1,0,1,0,1,0,0,0,1,0,0,0,0,0,0,0,0,0,0
839,9,55,2,64,72,8,9,1,1,0,1,1,1,0,0,1,0,0,0,0,0,0,0,0,0,0
840,9,56,2,64,72,8,9,1,0,1,0,1,0,0,0,1,0,0,0,0,0,0,0,0,0,0
841,9,57,2,64,72,8,9,1,1,1,1,1,0,0,0,1,0,0,0,0,0,0,0,0,0,0
842,9,58,2,64,72,8,9,1,0,0,0,1,0,0,0,1,0,0,0,0,0,0,0,0,0,0
843,9,59,2,64,72,8,9,1,1,1,0,1,0,0,0,1,0,0,0,0,0,0,0,0,0,0
844,9,60,2,64,72,8,9,1,0,0,1,1,1,0,0,1,0,0,0,0,0,0,0,0,0,0
845,9,61,2,64,72,8,9,1,1,1,0,1,0,0,0,1,0,0,0,0,0,0,0,0,0,0
846,9,62,2,64,72,8,9,1,0,1,1,1,0,0,0,1,0,0,0,0,0,0,0,0,0,0
847,9,63,2,64,72,8,9,1,1,0,0,1,0,0,0,1,0,0,0,0,0,0,0,0,0,0
848,9,64,2,64,72,8,9,1,0,1,0,1,0,0,0,1,0,0,0,0,0,0,0,0,0,0
849,9,65,2,64,72,8,9,1,1,0,1,1,1,0,0,1,0,0,0,0,0,0,0,0,0,0
850,9,66,2,64,72,8,9,1,0,1,0,1,0,0,0,1,0,0,0,0,0,0,0,0,0,0
851,9,67,2,64,72,8,9,1,1,1,1,1,0,0,0,1,0,0,0,0,0,0,0,0,0,0
852,9,68,2,64,72,8,9,1,0,0,0,1,0,0,0,1,0,0,0,0,0,0,0,0,0,0
853,9,69,2,64,72,8,9,1,1,1,0,1,0,0,0,1,0,0,0,0,0,0,0,0,0,0
854,9,70,2,72,81,8,9,1,0,0,1,1,1,0,0,1,0,0,0,0,0,0,0,0,0,0
855,9,71,2,72,81,8,9,2,0,0,0,0,0,0,0,1,0,0,0,0,0,0,0,0,0,0
856,9,72,2,72,81,8,9,2,0,0,0,0,0,0,0,1,0,0,0,0,0,0,0,0,0,0
857,9,73,2,72,81,8,9,2,0,0,0,0,0,0,0,1,0,0,0,0,0,0,0,0,0,0
858,9,74,2,72,81,8,9,2,0,0,0,0,0,0,0,1,0,0,0,0,0,0,0,0,0,0
859,9,75,2,72,81,8,9,2,0,0,0,0,0,0,0,1,0,0,0,0,0,0,0,0,0,0
860,9,76,2,72,81,8,9,2,0,0,0,0,0,0,0,1,0,0,0,0,0,0,0,0,0,0
861,9,77,2,72,81,8,9,2,0,0,0,0,0,0,0,1,0,0,0,0,0,0,0,0,0,0
862,9,78,2,72,81,8,9,2,0,0,0,0,0,0,0,1,0,0,0,0,0,0,0,0,0,0
863,9,79,2,72,81,8,9,2,0,0,0,0,0,0,0,1,0,0,0,0,0,0,0,0,0,0
864,9,80,2,72,81,8,9,2,0,0,0,0,0,0,0,1,0,0,0,0,0,0,0,0,0,0
865,9,81,2,72,81,8,9,2,0,0,0,0,0,0,0,1,0,0,0,0,0,0,0,0,0,0
866,9,82,2,72,81,8,9,2,0,0,0,0,0,0,0,1,0,0,0,0,0,0,0,0,0,0
867,9,83,2,72,81,8,9,2,0,0,0,0,0,0,0,1,0,0,0,0,0,0,0,0,0,0
868,9,84,2,72,81,8,9,2,0,0,0,0,0,0,0,1,0,0,0,0,0,0,0,0,0,0
869,9,85,2,72,81,8,9,2,0,0,0,0,0,0,0,1,0,0,0,0,0,0,0,0,0,0
870,9,86,2,72,81,8,9,2,0,0,0,0,0,0,0,1,0,0,0,0,0,0,0,0,0,0
871,9,87,2,72,81,8,9,2,0,0,0,0,0,0,0,1,0,0,0,0,0,0,0,0,0,0
872,9,88,2,72,81,8,9,2,0,0,0,0,0,0,0,1,0,0,0,0,0,0,0,0,0,0
873,9,89,2,72,81,8,9,2,0,0,0,0,0,0,0,1,0,0,0,0,0,0,0,0,0,0
874,9,90,2,72,81,8,9,2,0,0,0,0,0,0,0,1,0,0,0,0,0,0,0,0,0,0
875,9,91,2,72,81,8,9,2,0,0,0,0,0,0,0,1,0,0,0,0,0,0,0,0,0,0
876,9,92,2,72,81,8,9,2,0,0,0,0,0,0,0,1,0,0,0,0,0,0,0,0,0,0
877,9,93,2,72,81,8,9,2,0,0,0,0,0,0,0,1,0,0,0,0,0,0,0,0,0,0
878,9,94,2,72,81,8,9,2,0,0,0,0,0,0,0,1,0,0,0,0,0,0,0,0,0,0
879,9,95,2,72,81,8,9,2,0,0,0,0,0,0,0,1,0,0,0,0,0,0,0,0,0,0
880,9,96,2,72,81,8,9,2,0,0,0,0,0,0,0,1,0,0,0,0,0,0,0,0,0,0
881,9,97,2,72,81,8,9,2,0,0,0,0,0,0,0,1,0,0,0,0,0,0,0,0,0,0
882,9,98,2,72,81,8,9,2,0,0,0,0,0,0,0,1,0,0,0,0,0,0,0,0,0,0
883,9,99,2,72,81,8,9,2,0,0,0,0,0,0,0,1,0,0,0,0,0,0,0,0,0,0
884,10,2,2,8,9,4,5,1,1,1,0,0,1,0,0,1,0,0,0,0,0,0,0,0,0,0
885,10,3,2,8,9,4,5,1,0,0,1,0,1,0,0,1,0,0,0,0,0,0,0,0,0,0
886,10,4,2,8,9,4,5,1,0,0,0,0,1,0,0,1,0,0,0,0,0,0,0,0,0,0
887,10,5,2,8,9,4,5,1,1,1,1,1,1,0,0,1,0,0,0,0,0,0,0,0,0,0
888,10,6,2,8,9,4,5,1,0,0,0,0,1,0,0,1,0,0,0,0,0,0,0,0,0,0
889,10,7,2,8,9,4,5,1,1,1,1,0,1,0,0,1,0,0,0,0,0,0,0,0,0,0
890,10,8,2,8,9,4,5,1,0,0,0,0,1,0,0,1,0,0,0,0,0,0,0,0,0,0
891,10,9,2,8,9,4,5,1,0,0,1,0,1,0,0,1,0,0,0,0,0,0,0,0,0,0
892,10,10,2,8,9,4,5,1,1,1,0,1,1,0,0,1,0,0,0,0,0,0,0,0,0,0
893,10,11,2,16,18,8,9,1,0,0,1,0,1,0,0,1,0,0,0,0,0,0,0,0,0,0
894,10,12,2,16,18,8,9,1,1,1,0,0,1,0,0,1,0,0,0,0,0,0,0,0,0,0
895,10,13,2,16,18,8,9,1,0,0,1,0,1,0,0,1,0,0,0,0,0,0,0,0,0,0
896,10,14,2,16,18,8,9,1,0,0,0,0,1,0,0,1,0,0,0,0,0,0,0,0,0,0
897,10,15,2,16,18,8,9,1,1,1,1,1,1,0,0,1,0,0,0,0,0,0,0,0,0,0
898,10,16,2,24,27,8,9,1,0,0,0,0,1,0,0,1,0,0,0,0,0,0,0,0,0,0
899,10,17,2,24,27,8,9,1,1,1,1,0,1,0,0,1,0,0,0,0,0,0,0,0,0,0
900,10,18,2,24,27,8,9,1,0,0,0,0,1,0,0,1,0,0,0,0,0,0,0,0,0,0
901,10,19,2,24,27,8,9,1,0,0,1,0,1,0,0,1,0,0,0,0,0,0,0,0,0,0
902,10,20,2,24,27,8,9,1,1,1,0,1,1,0,0,1,0,0,0,0,0,0,0,0,0,0
903,10,21,2,24,27,8,9,1,0,0,1,0,1,0,0,1,0,0,0,0,0,0,0,0,0,0
904,10,22,2,24,27,8,9,1,1,1,0,0,1,0,0,1,0,0,0,0,0,0,0,0,0,0
905,10,23,2,24,27,8,9,1,0,0,1,0,1,0,0,1,0,0,0,0,0,0,0,0,0,0
906,10,24,2,32,36,8,9,1,0,0,0,0,1,0,0,1,0,0,0,0,0,0,0,0,0,0
907,10,25,2,32,36,8,9,1,1,1,1,1,1,0,0,1,0,0,0,0,0,0,0,0,0,0
908,10,26,2,32,36,8,9,1,0,0,0,0,1,0,0,1,0,0,0,0,0,0,0,0,0,0
909,10,27,2,32,36,8,9,1,0,1,1,0,1,0,0,1,0,0,0,0,0,0,0,0,0,0
910,10,28,2,32,36,8,9,1,1,0,0,0,1,0,0,1,0,0,0,0,0,0,0,0,0,0
911,10,29,2,32,36,8,9,1,0,0,1,0,1,0,0,1,0,0,0,0,0,0,0,0,0,0
912,10,30,2,32,36,8,9,1,0,1,0,1,1,0,0,1,0,0,0,0,0,0,0,0,0,0
913,10,31,2,32,36,8,9,1,0,0,1,0,1,0,0,1,0,0,0,0,0,0,0,0,0,0
914,10,32,2,40,45,8,9,1,1,1,0,0,1,0,0,1,0,0,0,0,0,0,0,0,0,0
915,10,33,2,40,45,8,9,1,0,0,0,0,1,0,0,1,0,0,0,0,0,0,0,0,0,0
916,10,34,2,40,45,8,9,1,0,0,1,0,1,0,0,1,0,0,0,0,0,0,0,0,0,0
917,10,35,2,40,45,8,9,1,0,1,0,1,1,0,0,1,0,0,0,0,0,0,0,0,0,0
918,10,36,2,40,45,8,9,1,0,0,0,0,1,0,0,1,0,0,0,0,0,0,0,0,0,0
919,10,37,2,40,45,8,9,1,1,1,1,0,1,0,0,1,0,0,0,0,0,0,0,0,0,0
920,10,38,2,40,45,8,9,1,0,0,0,0,1,0,0,1,0,0,0,0,0,0,0,0,0,0
921,10,39,2,40,45,8,9,1,0,0,0,0,1,0,0,1,0,0,0,0,0,0,0,0,0,0
922,10,40,2,48,54,8,9,1,0,1,1,1,1,0,0,1,0,0,0,0,0,0,0,0,0,0
923,10,41,2,48,54,8,9,1,0,0,0,0,1,0,0,1,0,0,0,0,0,0,0,0,0,0
924,10,42,2,48,54,8,9,1,0,1,1,0,1,0,0,1,0,0,0,0,0,0,0,0,0,0
925,10,43,2,48,54,8,9,1,0,0,0,0,1,0,0,1,0,0,0,0,0,0,0,0,0,0
926,10,44,2,48,54,8,9,1,1,0,0,0,1,0,0,1,0,0,0,0,0,0,0,0,0,0
927,10,45,2,48,54,8,9,1,0,1,1,1,1,0,0,1,0,0,0,0,0,0,0,0,0,0
928,10,46,2,48,54,8,9,1,0,0,0,0,1,0,0,1,0,0,0,0,0,0,0,0,0,0
929,10,47,2,48,54,8,9,1,0,1,1,0,1,0,0,1,0,0,0,0,0,0,0,0,0,0
930,10,48,2,56,63,8,9,1,0,0,0,0,1,0,0,1,0,0,0,0,0,0,0,0,0,0
931,10,49,2,56,63,8,9,1,0,0,0,0,1,0,0,1,0,0,0,0,0,0,0,0,0,0
932,10,50,2,56,63,8,9,1,1,1,1,1,1,0,0,1,0,0,0,0,0,0,0,0,0,0
933,10,51,2,56,63,8,9,1,0,0,0,0,1,0,0,1,0,0,0,0,0,0,0,0,0,0
934,10,52,2,56,63,8,9,1,0,0,1,0,1,0,0,1,0,0,0,0,0,0,0,0,0,0
935,10,53,2,56,63,8,9,1,0,1,0,0,1,0,0,1,0,0,0,0,0,0,0,0,0,0
936,10,54,2,56,63,8,9,1,0,0,0,0,1,0,0,1,0,0,0,0,0,0,0,0,0,0
937,10,55,2,56,63,8,9,1,1,0,1,1,1,0,0,1,0,0,0,0,0,0,0,0,0,0
938,10,56,2,56,63,8,9,1,0,1,0,0,1,0,0,1,0,0,0,0,0,0,0,0,0,0
939,10,57,2,56,63,8,9,1,0,0,1,0,1,0,0,1,0,0,0,0,0,0,0,0,0,0
940,10,58,2,56,63,8,9,1,0,0,0,0,1,0,0,1,0,0,0,0,0,0,0,0,0,0
941,10,59,2,56,63,8,9,1,0,1,0,0,1,0,0,1,0,0,0,0,0,0,0,0,0,0
942,10,60,2,56,63,8,9,1,1,0,1,1,1,0,0,1,0,0,0,0,0,0,0,0,0,0
943,10,61,2,56,63,8,9,1,0,0,0,0,1,0,0,1,0,0,0,0,0,0,0,0,0,0
944,10,62,2,56,63,8,9,1,0,1,1,0,1,0,0,1,0,0,0,0,0,0,0,0,0,0
945,10,63,2,56,63,8,9,1,0,0,0,0,1,0,0,1,0,0,0,0,0,0,0,0,0,0
946,10,64,2,56,63,8,9,1,0,0,0,0,1,0,0,1,0,0,0,0,0,0,0,0,0,0
947,10,65,2,64,72,8,9,1,1,1,1,1,1,0,0,1,0,0,0,0,0,0,0,0,0,0
948,10,66,2,64,72,8,9,1,0,0,0,0,1,0,0,1,0,0,0,0,0,0,0,0,0,0
949,10,67,2,64,72,8,9,1,0,0,1,0,1,0,0,1,0,0,0,0,0,0,0,0,0,0
950,10,68,2,64,72,8,9,1,0,1,0,0,1,0,0,1,0,0,0,0,0,0,0,0,0,0
951,10,69,2,64,72,8,9,1,0,0,0,0,1,0,0,1,0,0,0,0,0,0,0,0,0,0
952,10,70,2,64,72,8,9,1,1,0,1,1,1,0,0,1,0,0,0,0,0,0,0,0,0,0
953,10,71,2,64,72,8,9,2,0,0,0,0,0,0,0,1,0,0,0,0,0,0,0,0,0,0
954,10,72,2,64,72,8,9,2,0,0,0,0,0,0,0,1,0,0,0,0,0,0,0,0,0,0
955,10,73,2,64,72,8,9,2,0,0,0,0,0,0,0,1,0,0,0,0,0,0,0,0,0,0
956,10,74,2,64,72,8,9,2,0,0,0,0,0,0,0,1,0,0,0,0,0,0,0,0,0,0
957,10,75,2,64,72,8,9,2,0,0,0,0,0,0,0,1,0,0,0,0,0,0,0,0,0,0
958,10,76,2,64,72,8,9,2,0,0,0,0,0,0,0,1,0,0,0,0,0,0,0,0,0,0
959,10,77,2,64,72,8,9,2,0,0,0,0,0,0,0,1,0,0,0,0,0,0,0,0,0,0
960,10,78,2,64,72,8,9,2,0,0,0,0,0,0,0,1,0,0,0,0,0,0,0,0,0,0
961,10,79,2,64,72,8,9,2,0,0,0,0,0,0,0,1,0,0,0,0,0,0,0,0,0,0
962,10,80,2,64,72,8,9,2,0,0,0,0,0,0,0,1,0,0,0,0,0,0,0,0,0,0
963,10,81,2,64,72,8,9,2,0,0,0,0,0,0,0,1,0,0,0,0,0,0,0,0,0,0
964,10,82,2,64,72,8,9,2,0,0,0,0,0,0,0,1,0,0,0,0,0,0,0,0,0,0
965,10,83,2,64,72,8,9,2,0,0,0,0,0,0,0,1,0,0,0,0,0,0,0,0,0,0
966,10,84,2,64,72,8,9,2,0,0,0,0,0,0,0,1,0,0,0,0,0,0,0,0,0,0
967,10,85,2,64,72,8,9,2,0,0,0,0,0,0,0,1,0,0,0,0,0,0,0,0,0,0
968,10,86,2,64,72,8,9,2,0,0,0,0,0,0,0,1,0,0,0,0,0,0,0,0,0,0
969,10,87,2,64,72,8,9,2,0,0,0,0,0,0,0,1,0,0,0,0,0,0,0,0,0,0
970,10,88,2,64,72,8,9,2,0,0,0,0,0,0,0,1,0,0,0,0,0,0,0,0,0,0
971,10,89,2,64,72,8,9,2,0,0,0,0,0,0,0,1,0,0,0,0,0,0,0,0,0,0
972,10,90,2,64,72,8,9,2,0,0,0,0,0,0,0,1,0,0,0,0,0,0,0,0,0,0
973,10,91,2,64,72,8,9,2,0,0,0,0,0,0,0,1,0,0,0,0,0,0,0,0,0,0
974,10,92,2,64,72,8,9,2,0,0,0,0,0,0,0,1,0,0,0,0,0,0,0,0,0,0
975,10,93,2,64,72,8,9,2,0,0,0,0,0,0,0,1,0,0,0,0,0,0,0,0,0,0
976,10,94,2,64,72,8,9,2,0,0,0,0,0,0,0,1,0,0,0,0,0,0,0,0,0,0
977,10,95,2,64,72,8,9,2,0,0,0,0,0,0,0,1,0,0,0,0,0,0,0,0,0,0
978,10,96,2,64,72,8,9,2,0,0,0,0,0,0,0,1,0,0,0,0,0,0,0,0,0,0
979,10,97,2,64,72,8,9,2,0,0,0,0,0,0,0,1,0,0,0,0,0,0,0,0,0,0
980,10,98,2,64,72,8,9,2,0,0,0,0,0,0,0,1,0,0,0,0,0,0,0,0,0,0
981,10,99,2,64,72,8,9,2,0,0,0,0,0,0,0,1,0,0,0,0,0,0,0,0,0,0
982,11,2,2,10,12,0,0,1,0,0,1,1,0,0,0,1,0,0,0,0,0,0,0,0,0,0
983,11,3,2,10,12,0,0,1,0,0,0,0,0,0,0,1,0,0,0,0,0,0,0,0,0,0
984,11,4,2,10,12,0,0,1,0,0,1,1,0,0,0,1,0,0,0,0,0,0,0,0,0,0
985,11,5,2,10,12,0,0,1,0,0,1,0,1,0,0,1,0,0,0,0,0,0,0,0,0,0
986,11,6,2,10,12,0,0,1,0,0,1,0,1,0,0,1,0,0,0,0,0,0,0,0,0,0
987,11,7,2,18,20,0,0,1,1,1,1,1,0,0,0,1,0,0,0,0,0,0,0,0,0,0
988,11,8,2,18,20,0,0,1,1,0,0,0,0,0,0,1,0,0,0,0,0,0,0,0,0,0
989,11,9,2,18,20,0,0,1,1,1,1,1,0,0,0,1,0,0,0,0,0,0,0,0,0,0
990,11,10,2,18,20,0,0,1,1,1,1,0,1,0,0,1,0,0,0,0,0,0,0,0,0,0
991,11,11,2,26,29,4,4,1,1,1,1,0,1,0,0,1,0,0,0,0,0,0,0,0,0,0
992,11,12,2,26,29,4,4,1,1,1,1,1,0,0,0,1,0,0,0,0,0,0,0,0,0,0
993,11,13,2,26,29,4,4,1,1,0,0,0,0,0,0,1,0,0,0,0,0,0,0,0,0,0
994,11,14,2,26,29,4,4,1,1,1,1,1,0,0,0,1,0,0,0,0,0,0,0,0,0,0
995,11,15,2,34,38,4,4,1,1,1,1,0,1,0,0,1,0,0,0,0,0,0,0,0,0,0
996,11,16,2,34,38,4,4,1,1,1,1,0,1,0,0,1,0,0,0,0,0,0,0,0,0,0
997,11,17,2,34,38,4,4,1,1,1,1,1,0,0,0,1,0,0,0,0,0,0,0,0,0,0
998,11,18,2,34,38,4,4,1,1,0,0,0,0,0,0,1,0,0,0,0,0,0,0,0,0,0
999,11,19,2,42,47,4,4,1,1,1,1,1,0,0,0,1,0,0,0,0,0,0,0,0,0,0
1000,11,20,2,42,47,4,4,1,1,1,1,0,1,0,0,1,0,0,0,0,0,0,0,0,0,0
1001,11,21,2,42,47,4,4,1,1,1,1,0,1,0,0,1,0,0,0,0,0,0,0,0,0,0
1002,11,22,2,42,47,4,4,1,1,1,1,1,0,0,0,1,0,0,0,0,0,0,0,0,0,0
1003,11,23,2,50,56,4,4,1,1,0,0,0,0,0,0,1,0,0,0,0,0,0,0,0,0,0
1004,11,24,2,50,56,4,4,1,1,1,1,1,0,0,0,1,0,0,0,0,0,0,0,0,0,0
1005,11,25,2,50,56,4,4,1,1,1,1,0,1,0,0,1,0,0,0,0,0,0,0,0,0,0
1006,11,26,2,50,56,4,4,1,1,1,1,0,1,0,0,1,0,0,0,0,0,0,0,0,0,0
1007,11,27,2,50,56,4,4,1,1,1,1,1,0,0,0,1,0,0,0,0,0,0,0,0,0,0
1008,11,28,2,58,65,4,4,1,1,0,0,0,0,0,0,1,0,0,0,0,0,0,0,0,0,0
1009,11,29,2,58,65,4,4,1,1,1,1,1,0,0,0,1,0,0,0,0,0,0,0,0,0,0
1010,11,30,2,58,65,4,4,1,1,1,1,0,1,0,0,1,0,0,0,0,0,0,0,0,0,0
1011,11,31,2,58,65,4,4,1,1,0,0,1,0,0,0,1,0,0,0,0,0,0,0,0,0,0
1012,11,32,2,58,65,4,4,1,1,1,1,0,0,0,0,1,0,0,0,0,0,0,0,0,0,0
1013,11,33,2,58,65,4,4,1,1,1,1,1,1,0,0,1,0,0,0,0,0,0,0,0,0,0
1014,11,34,2,58,65,4,4,1,1,0,1,0,0,0,0,1,0,0,0,0,0,0,0,0,0,0
1015,11,35,2,58,65,4,4,1,1,1,0,1,0,0,0,1,0,0,0,0,0,0,0,0,0,0
1016,11,36,2,58,65,4,4,1,1,1,1,0,1,0,0,1,0,0,0,0,0,0,0,0,0,0
1017,11,37,2,58,65,4,4,1,1,0,1,1,0,0,0,1,0,0,0,0,0,0,0,0,0,0
1018,11,38,2,58,65,4,4,1,1,1,0,0,0,0,0,1,0,0,0,0,0,0,0,0,0,0
1019,11,39,2,66,74,4,4,1,1,1,1,1,0,0,0,1,0,0,0,0,0,0,0,0,0,0
1020,11,40,2,66,74,4,4,1,1,0,1,0,1,0,0,1,0,0,0,0,0,0,0,0,0,0
1021,11,41,2,66,74,4,4,1,1,1,0,1,0,0,0,1,0,0,0,0,0,0,0,0,0,0
1022,11,42,2,66,74,4,4,1,1,1,1,0,0,0,0,1,0,0,0,0,0,0,0,0,0,0
1023,11,43,2,66,74,4,4,1,1,0,1,1,1,0,0,1,0,0,0,0,0,0,0,0,0,0
1024,11,44,2,66,74,4,4,1,1,1,0,0,0,0,0,1,0,0,0,0,0,0,0,0,0,0
1025,11,45,2,66,74,4,4,1,1,1,1,1,0,0,0,1,0,0,0,0,0,0,0,0,0,0
1026,11,46,2,74,83,4,4,1,1,0,1,0,1,0,0,1,0,0,0,0,0,0,0,0,0,0
1027,11,47,2,74,83,4,4,1,1,1,0,1,0,0,0,1,0,0,0,0,0,0,0,0,0,0
1028,11,48,2,74,83,4,4,1,1,1,1,0,0,0,0,1,0,0,0,0,0,0,0,0,0,0
1029,11,49,2,74,83,4,4,1,1,0,1,1,0,0,0,1,0,0,0,0,0,0,0,0,0,0
1030,11,50,2,74,83,4,4,1,1,1,1,0,1,0,0,1,0,0,0,0,0,0,0,0,0,0
1031,11,51,2,74,83,4,4,1,1,1,0,1,0,0,0,1,0,0,0,0,0,0,0,0,0,0
1032,11,52,2,74,83,4,4,1,1,0,1,0,0,0,0,1,0,0,0,0,0,0,0,0,0,0
1033,11,53,2,74,83,4,4,1,0,1,1,1,0,0,0,1,0,0,0,0,0,0,0,0,0,0
1034,11,54,2,74,83,4,4,1,1,1,0,0,1,0,0,1,0,0,0,0,0,0,0,0,0,0
1035,11,55,2,82,92,4,4,1,1,0,1,1,0,0,0,1,0,0,0,0,0,0,0,0,0,0
1036,11,56,2,82,92,4,4,1,0,1,1,0,0,0,0,1,0,0,0,0,0,0,0,0,0,0
1037,11,57,2,82,92,4,4,1,1,1,0,1,0,0,0,1,0,0,0,0,0,0,0,0,0,0
1038,11,58,2,82,92,4,4,1,1,0,1,0,1,0,0,1,0,0,0,0,0,0,0,0,0,0
1039,11,59,2,82,92,4,4,1,0,1,1,1,0,0,0,1,0,0,0,0,0,0,0,0,0,0
1040,11,60,2,90,101,4,4,1,1,1,0,0,0,0,0,1,0,0,0,0,0,0,0,0,0,0
1041,11,61,2,90,101,4,4,1,1,0,1,1,0,0,0,1,0,0,0,0,0,0,0,0,0,0
1042,11,62,2,90,101,4,4,1,0,1,1,0,1,0,0,1,0,0,0,0,0,0,0,0,0,0
1043,11,63,2,90,101,4,4,1,1,1,0,1,0,0,0,1,0,0,0,0,0,0,0,0,0,0
1044,11,64,2,90,101,4,4,1,1,0,1,0,0,0,0,1,0,0,0,0,0,0,0,0,0,0
1045,11,65,2,90,101,4,4,1,0,1,1,1,0,0,0,1,0,0,0,0,0,0,0,0,0,0
1046,11,66,2,98,110,4,4,1,1,1,0,0,1,0,0,1,0,0,0,0,0,0,0,0,0,0
1047,11,67,2,98,110,4,4,1,1,0,1,1,0,0,0,1,0,0,0,0,0,0,0,0,0,0
1048,11,68,2,98,110,4,4,1,0,1,1,0,0,0,0,1,0,0,0,0,0,0,0,0,0,0
1049,11,69,2,98,110,4,4,1,1,1,0,1,0,0,0,1,0,0,0,0,0,0,0,0,0,0
1050,11,70,2,98,110,4,4,1,1,0,1,0,1,0,0,1,0,0,0,0,0,0,0,0,0,0
1051,11,71,2,98,110,4,4,2,0,0,0,0,0,0,0,1,0,0,0,0,0,0,0,0,0,0
1052,11,72,2,98,110,4,4,2,0,0,0,0,0,0,0,1,0,0,0,0,0,0,0,0,0,0
1053,11,73,2,98,110,4,4,2,0,0,0,0,0,0,0,1,0,0,0,0,0,0,0,0,0,0
1054,11,74,2,98,110,4,4,2,0,0,0,0,0,0,0,1,0,0,0,0,0,0,0,0,0,0
1055,11,75,2,98,110,4,4,2,0,0,0,0,0,0,0,1,0,0,0,0,0,0,0,0,0,0
1056,11,76,2,98,110,4,4,2,0,0,0,0,0,0,0,1,0,0,0,0,0,0,0,0,0,0
1057,11,77,2,98,110,4,4,2,0,0,0,0,0,0,0,1,0,0,0,0,0,0,0,0,0,0
1058,11,78,2,98,110,4,4,2,0,0,0,0,0,0,0,1,0,0,0,0,0,0,0,0,0,0
1059,11,79,2,98,110,4,4,2,0,0,0,0,0,0,0,1,0,0,0,0,0,0,0,0,0,0
1060,11,80,2,98,110,4,4,2,0,0,0,0,0,0,0,1,0,0,0,0,0,0,0,0,0,0
1061,11,81,2,98,110,4,4,2,0,0,0,0,0,0,0,1,0,0,0,0,0,0,0,0,0,0
1062,11,82,2,98,110,4,4,2,0,0,0,0,0,0,0,1,0,0,0,0,0,0,0,0,0,0
1063,11,83,2,98,110,4,4,2,0,0,0,0,0,0,0,1,0,0,0,0,0,0,0,0,0,0
1064,11,84,2,98,110,4,4,2,0,0,0,0,0,0,0,1,0,0,0,0,0,0,0,0,0,0
1065,11,85,2,98,110,4,4,2,0,0,0,0,0,0,0,1,0,0,0,0,0,0,0,0,0,0
1066,11,86,2,98,110,4,4,2,0,0,0,0,0,0,0,1,0,0,0,0,0,0,0,0,0,0
1067,11,87,2,98,110,4,4,2,0,0,0,0,0,0,0,1,0,0,0,0,0,0,0,0,0,0
1068,11,88,2,98,110,4,4,2,0,0,0,0,0,0,0,1,0,0,0,0,0,0,0,0,0,0
1069,11,89,2,98,110,4,4,2,0,0,0,0,0,0,0,1,0,0,0,0,0,0,0,0,0,0
1070,11,90,2,98,110,4,4,2,0,0,0,0,0,0,0,1,0,0,0,0,0,0,0,0,0,0
1071,11,91,2,98,110,4,4,2,0,0,0,0,0,0,0,1,0,0,0,0,0,0,0,0,0,0
1072,11,92,2,98,110,4,4,2,0,0,0,0,0,0,0,1,0,0,0,0,0,0,0,0,0,0
1073,11,93,2,98,110,4,4,2,0,0,0,0,0,0,0,1,0,0,0,0,0,0,0,0,0,0
1074,11,94,2,98,110,4,4,2,0,0,0,0,0,0,0,1,0,0,0,0,0,0,0,0,0,0
1075,11,95,2,98,110,4,4,2,0,0,0,0,0,0,0,1,0,0,0,0,0,0,0,0,0,0
1076,11,96,2,98,110,4,4,2,0,0,0,0,0,0,0,1,0,0,0,0,0,0,0,0,0,0
1077,11,97,2,98,110,4,4,2,0,0,0,0,0,0,0,1,0,0,0,0,0,0,0,0,0,0
1078,11,98,2,98,110,4,4,2,0,0,0,0,0,0,0,1,0,0,0,0,0,0,0,0,0,0
1079,11,99,2,98,110,4,4,2,0,0,0,0,0,0,0,1,0,0,0,0,0,0,0,0,0,0
1081,12,2,2,10,11,1,1,1,0,0,1,0,0,0,0,1,0,0,0,0,0,0,0,0,0,0
1082,12,3,2,10,11,1,1,1,0,0,1,0,0,0,0,1,0,0,0,0,0,0,0,0,0,0
1083,12,4,2,10,11,1,1,1,0,0,1,0,0,0,0,1,0,0,0,0,0,0,0,0,0,0
1084,12,5,2,10,11,1,1,1,0,0,1,0,0,0,0,1,0,0,0,0,0,0,0,0,0,0
1085,12,6,2,10,11,1,1,1,0,0,1,0,0,0,0,1,0,0,0,0,0,0,0,0,0,0
1086,12,7,2,10,11,1,1,1,0,0,1,0,0,0,0,1,0,0,0,0,0,0,0,0,0,0
1087,12,8,2,10,11,1,1,1,0,0,1,0,0,0,0,1,0,0,0,0,0,0,0,0,0,0
1088,12,9,2,10,11,1,1,1,0,0,1,0,0,0,0,1,0,0,0,0,0,0,0,0,0,0
1089,12,10,2,10,11,1,1,1,0,0,1,0,0,0,0,1,0,0,0,0,0,0,0,0,0,0
1090,12,11,2,20,22,1,1,1,0,0,1,1,0,0,0,1,0,0,0,0,0,0,0,0,0,0
1091,12,12,2,20,22,1,1,1,0,0,0,0,1,0,0,1,0,0,0,0,0,0,0,0,0,0
1092,12,13,2,20,22,1,1,1,0,0,0,1,0,0,0,1,0,0,0,0,0,0,0,0,0,0
1093,12,14,2,20,22,1,1,1,0,0,0,0,1,0,0,1,0,0,0,0,0,0,0,0,0,0
1094,12,15,2,20,22,1,1,1,0,0,0,1,0,0,0,1,0,0,0,0,0,0,0,0,0,0
1095,12,16,2,20,22,2,2,1,0,0,0,0,1,0,0,1,0,0,0,0,0,0,0,0,0,0
1096,12,17,2,20,22,2,2,1,0,0,0,1,0,0,0,1,0,0,0,0,0,0,0,0,0,0
1097,12,18,2,20,22,2,2,1,0,0,0,0,1,0,0,1,0,0,0,0,0,0,0,0,0,0
1098,12,19,2,20,22,2,2,1,0,0,0,1,0,0,0,1,0,0,0,0,0,0,0,0,0,0
1099,12,20,2,20,22,2,2,1,0,0,0,0,1,0,0,1,0,0,0,0,0,0,0,0,0,0
1100,12,21,2,40,44,3,3,1,0,0,0,1,0,0,0,1,0,0,0,0,0,0,0,0,0,0
1101,12,22,2,40,44,3,3,1,0,0,0,0,1,0,0,1,0,0,0,0,0,0,0,0,0,0
1102,12,23,2,40,44,3,3,1,0,0,0,1,0,0,0,1,0,0,0,0,0,0,0,0,0,0
1103,12,24,2,40,44,3,3,1,0,0,0,0,1,0,0,1,0,0,0,0,0,0,0,0,0,0
1104,12,25,2,40,44,3,3,1,0,0,0,1,0,0,0,1,0,0,0,0,0,0,0,0,0,0
1105,12,26,2,40,44,4,4,1,0,0,0,0,1,0,0,1,0,0,0,0,0,0,0,0,0,0
1106,12,27,2,40,44,4,4,1,0,0,0,1,0,0,0,1,0,0,0,0,0,0,0,0,0,0
1107,12,28,2,40,44,4,4,1,0,0,0,0,1,0,0,1,0,0,0,0,0,0,0,0,0,0
1108,12,29,2,40,44,4,4,1,0,0,0,1,0,0,0,1,0,0,0,0,0,0,0,0,0,0
1109,12,30,2,40,44,4,4,1,0,0,0,0,1,0,0,1,0,0,0,0,0,0,0,0,0,0
1110,12,31,2,40,44,5,5,1,0,0,0,1,1,0,0,1,0,0,0,0,0,0,0,0,0,0
1111,12,32,2,40,44,5,5,1,0,0,0,1,1,0,0,1,0,0,0,0,0,0,0,0,0,0
1112,12,33,2,40,44,5,5,1,0,0,0,1,1,0,0,1,0,0,0,0,0,0,0,0,0,0
1113,12,34,2,40,44,5,5,1,0,0,0,1,1,0,0,1,0,0,0,0,0,0,0,0,0,0
1114,12,35,2,40,44,5,5,1,0,0,0,1,1,0,0,1,0,0,0,0,0,0,0,0,0,0
1115,12,36,2,40,44,6,6,1,0,0,0,1,1,0,0,1,0,0,0,0,0,0,0,0,0,0
1116,12,37,2,40,44,6,6,1,0,0,0,1,1,0,0,1,0,0,0,0,0,0,0,0,0,0
1117,12,38,2,40,44,6,6,1,0,0,0,1,1,0,0,1,0,0,0,0,0,0,0,0,0,0
1118,12,39,2,40,44,6,6,1,0,0,0,1,1,0,0,1,0,0,0,0,0,0,0,0,0,0
1119,12,40,2,60,66,6,6,1,0,0,0,1,1,0,0,1,0,0,0,0,0,0,0,0,0,0
1120,12,41,2,60,66,7,7,1,0,0,0,1,1,0,0,1,0,0,0,0,0,0,0,0,0,0
1121,12,42,2,60,66,7,7,1,0,0,0,1,1,0,0,1,0,0,0,0,0,0,0,0,0,0
1122,12,43,2,60,66,7,7,1,0,0,0,1,1,0,0,1,0,0,0,0,0,0,0,0,0,0
1123,12,44,2,60,66,7,7,1,0,0,0,1,1,0,0,1,0,0,0,0,0,0,0,0,0,0
1124,12,45,2,60,66,7,7,1,0,0,0,1,1,0,0,1,0,0,0,0,0,0,0,0,0,0
1125,12,46,2,60,66,8,8,1,0,0,0,1,1,0,0,1,0,0,0,0,0,0,0,0,0,0
1126,12,47,2,60,66,8,8,1,0,0,0,1,1,0,0,1,0,0,0,0,0,0,0,0,0,0
1127,12,48,2,60,66,8,8,1,0,0,0,1,1,0,0,1,0,0,0,0,0,0,0,0,0,0
1128,12,49,2,60,66,8,8,1,0,0,0,1,1,0,0,1,0,0,0,0,0,0,0,0,0,0
1129,12,50,2,60,66,8,8,1,0,0,0,1,1,0,0,1,0,0,0,0,0,0,0,0,0,0
1130,12,51,2,20,22,0,0,1,0,0,0,0,0,0,0,1,0,0,0,0,0,0,0,0,0,0
1131,12,52,2,20,22,0,0,1,0,0,0,0,0,0,0,1,0,0,0,0,0,0,0,0,0,0
1132,12,53,2,20,22,0,0,1,0,0,0,0,0,0,0,1,0,0,0,0,0,0,0,0,0,0
1133,12,54,2,20,22,0,0,1,0,0,0,0,0,0,0,1,0,0,0,0,0,0,0,0,0,0
1134,12,55,2,20,22,0,0,1,0,0,0,0,0,0,0,1,0,0,0,0,0,0,0,0,0,0
1135,12,56,2,20,22,0,0,1,0,0,0,0,0,0,0,1,0,0,0,0,0,0,0,0,0,0
1136,12,57,2,20,22,0,0,1,0,0,0,0,0,0,0,1,0,0,0,0,0,0,0,0,0,0
1137,12,58,2,20,22,0,0,1,0,0,0,0,0,0,0,1,0,0,0,0,0,0,0,0,0,0
1138,12,59,2,20,22,0,0,1,0,0,0,0,0,0,0,1,0,0,0,0,0,0,0,0,0,0
1139,12,60,2,20,22,0,0,1,0,0,0,0,0,0,0,1,0,0,0,0,0,0,0,0,0,0
1140,12,61,2,20,22,0,0,1,0,0,0,0,0,0,0,1,0,0,0,0,0,0,0,0,0,0
1141,12,62,2,20,22,0,0,1,0,0,0,0,0,0,0,1,0,0,0,0,0,0,0,0,0,0
1142,12,63,2,20,22,0,0,1,0,0,0,0,0,0,0,1,0,0,0,0,0,0,0,0,0,0
1143,12,64,2,20,22,0,0,1,0,0,0,0,0,0,0,1,0,0,0,0,0,0,0,0,0,0
1144,12,65,2,20,22,0,0,1,0,0,0,0,0,0,0,1,0,0,0,0,0,0,0,0,0,0
1145,12,66,2,20,22,0,0,1,0,0,0,0,0,0,0,1,0,0,0,0,0,0,0,0,0,0
1146,12,67,2,20,22,0,0,1,0,0,0,0,0,0,0,1,0,0,0,0,0,0,0,0,0,0
1147,12,68,2,20,22,0,0,1,0,0,0,0,0,0,0,1,0,0,0,0,0,0,0,0,0,0
1148,12,69,2,20,22,0,0,1,0,0,0,0,0,0,0,1,0,0,0,0,0,0,0,0,0,0
1149,12,70,2,20,22,8,9,1,0,0,0,0,0,0,0,1,0,0,0,0,0,0,0,0,0,0
1150,12,71,2,20,22,8,9,2,0,0,0,0,0,0,0,1,0,0,0,0,0,0,0,0,0,0
1151,12,72,2,20,22,8,9,2,0,0,0,0,0,0,0,1,0,0,0,0,0,0,0,0,0,0
1152,12,73,2,20,22,8,9,2,0,0,0,0,0,0,0,1,0,0,0,0,0,0,0,0,0,0
1153,12,74,2,20,22,8,9,2,0,0,0,0,0,0,0,1,0,0,0,0,0,0,0,0,0,0
1154,12,75,2,20,22,8,9,2,0,0,0,0,0,0,0,1,0,0,0,0,0,0,0,0,0,0
1155,12,76,2,20,22,8,9,2,0,0,0,0,0,0,0,1,0,0,0,0,0,0,0,0,0,0
1156,12,77,2,20,22,8,9,2,0,0,0,0,0,0,0,1,0,0,0,0,0,0,0,0,0,0
1157,12,78,2,20,22,8,9,2,0,0,0,0,0,0,0,1,0,0,0,0,0,0,0,0,0,0
1158,12,79,2,20,22,8,9,2,0,0,0,0,0,0,0,1,0,0,0,0,0,0,0,0,0,0
1159,12,80,2,20,22,8,9,2,0,0,0,0,0,0,0,1,0,0,0,0,0,0,0,0,0,0
1160,12,81,2,20,22,8,9,2,0,0,0,0,0,0,0,1,0,0,0,0,0,0,0,0,0,0
1161,12,82,2,20,22,8,9,2,0,0,0,0,0,0,0,1,0,0,0,0,0,0,0,0,0,0
1162,12,83,2,20,22,8,9,2,0,0,0,0,0,0,0,1,0,0,0,0,0,0,0,0,0,0
1163,12,84,2,20,22,8,9,2,0,0,0,0,0,0,0,1,0,0,0,0,0,0,0,0,0,0
1164,12,85,2,20,22,8,9,2,0,0,0,0,0,0,0,1,0,0,0,0,0,0,0,0,0,0
1165,12,86,2,20,22,8,9,2,0,0,0,0,0,0,0,1,0,0,0,0,0,0,0,0,0,0
1166,12,87,2,20,22,8,9,2,0,0,0,0,0,0,0,1,0,0,0,0,0,0,0,0,0,0
1167,12,88,2,20,22,8,9,2,0,0,0,0,0,0,0,1,0,0,0,0,0,0,0,0,0,0
1168,12,89,2,20,22,8,9,2,0,0,0,0,0,0,0,1,0,0,0,0,0,0,0,0,0,0
1169,12,90,2,20,22,8,9,2,0,0,0,0,0,0,0,1,0,0,0,0,0,0,0,0,0,0
1170,12,91,2,20,22,8,9,2,0,0,0,0,0,0,0,1,0,0,0,0,0,0,0,0,0,0
1171,12,92,2,20,22,8,9,2,0,0,0,0,0,0,0,1,0,0,0,0,0,0,0,0,0,0
1172,12,93,2,20,22,8,9,2,0,0,0,0,0,0,0,1,0,0,0,0,0,0,0,0,0,0
1173,12,94,2,20,22,8,9,2,0,0,0,0,0,0,0,1,0,0,0,0,0,0,0,0,0,0
1174,12,95,2,20,22,8,9,2,0,0,0,0,0,0,0,1,0,0,0,0,0,0,0,0,0,0
1175,12,96,2,20,22,8,9,2,0,0,0,0,0,0,0,1,0,0,0,0,0,0,0,0,0,0
1176,12,97,2,20,22,8,9,2,0,0,0,0,0,0,0,1,0,0,0,0,0,0,0,0,0,0
1177,12,98,2,20,22,8,9,2,0,0,0,0,0,0,0,1,0,0,0,0,0,0,0,0,0,0
1178,12,99,2,20,22,8,9,2,0,0,0,0,0,0,0,1,0,0,0,0,0,0,0,0,0,0
1179,13,2,2,26,28,4,4,1,0,0,0,0,0,0,0,1,0,0,0,0,0,0,0,0,0,0
1180,13,3,2,26,28,4,4,1,0,0,0,1,0,0,0,1,0,0,0,0,0,0,0,0,0,0
1181,13,4,2,26,28,4,4,1,1,1,0,0,1,0,0,1,0,0,0,0,0,0,0,0,0,0
1182,13,5,2,26,28,4,4,1,0,0,1,0,0,0,0,1,0,0,0,0,0,0,0,0,0,0
1183,13,6,2,26,28,4,4,1,0,0,0,1,1,0,0,1,0,0,0,0,0,0,0,0,0,0
1184,13,7,2,26,28,4,4,1,1,1,0,0,1,0,0,1,0,0,0,0,0,0,0,0,0,0
1185,13,8,2,26,28,4,4,1,0,0,0,1,1,0,0,1,0,0,0,0,0,0,0,0,0,0
1186,13,9,2,26,28,4,4,1,1,1,0,0,0,0,0,1,0,0,0,0,0,0,0,0,0,0
1187,13,10,2,34,37,4,4,1,0,0,1,1,1,0,0,1,0,0,0,0,0,0,0,0,0,0
1188,13,11,2,34,37,4,4,1,1,1,0,0,0,0,0,1,0,0,0,0,0,0,0,0,0,0
1189,13,12,2,34,37,4,4,1,0,0,0,0,1,0,0,1,0,0,0,0,0,0,0,0,0,0
1190,13,13,2,34,37,4,4,1,1,1,0,1,0,0,0,1,0,0,0,0,0,0,0,0,0,0
1191,13,14,2,34,37,4,4,1,0,0,0,0,0,0,0,1,0,0,0,0,0,0,0,0,0,0
1192,13,15,2,34,37,4,4,1,1,1,0,0,1,0,0,1,0,0,0,0,0,0,0,0,0,0
1193,13,16,2,44,47,4,4,1,0,0,0,0,0,0,0,1,0,0,0,0,0,0,0,0,0,0
1194,13,17,2,44,47,4,4,1,1,1,0,0,1,0,0,1,0,0,0,0,0,0,0,0,0,0
1195,13,18,2,44,47,4,4,1,1,1,0,1,0,0,0,1,0,0,0,0,0,0,0,0,0,0
1196,13,19,2,44,47,4,4,1,1,1,0,0,0,0,0,1,0,0,0,0,0,0,0,0,0,0
1197,13,20,2,44,47,4,4,1,1,1,1,1,1,0,0,1,0,0,0,0,0,0,0,0,0,0
1198,13,21,2,52,56,4,4,1,1,1,0,0,0,0,0,1,0,0,0,0,0,0,0,0,0,0
1199,13,22,2,52,56,4,4,1,1,0,1,1,1,0,0,1,0,0,0,0,0,0,0,0,0,0
1200,13,23,2,52,56,4,4,1,2,2,0,0,0,0,0,1,0,0,0,0,0,0,0,0,0,0
1201,13,24,2,52,56,4,4,1,1,1,1,1,0,0,0,1,0,0,0,0,0,0,0,0,0,0
1202,13,25,2,52,56,4,4,1,1,1,0,0,1,0,0,1,0,0,0,0,0,0,0,0,0,0
1203,13,26,2,62,66,4,4,1,1,1,1,1,0,0,0,1,0,0,0,0,0,0,0,0,0,0
1204,13,27,2,62,66,4,4,1,1,1,0,0,1,0,0,1,0,0,0,0,0,0,0,0,0,0
1205,13,28,2,62,66,4,4,1,1,0,1,1,0,0,0,1,0,0,0,0,0,0,0,0,0,0
1206,13,29,2,62,66,4,4,1,2,2,0,0,0,0,0,1,0,0,0,0,0,0,0,0,0,0
1207,13,30,2,62,66,4,4,1,1,1,1,1,1,0,0,1,0,0,0,0,0,0,0,0,0,0
1208,13,31,2,40,45,4,4,1,1,1,0,0,0,0,0,1,0,0,0,0,0,0,0,0,0,0
1209,13,32,2,48,54,4,4,1,1,0,1,1,1,0,0,1,0,0,0,0,0,0,0,0,0,0
1210,13,33,2,56,63,4,4,1,2,2,0,0,0,0,0,1,0,0,0,0,0,0,0,0,0,0
1211,13,34,2,64,72,4,4,1,1,0,1,1,1,0,0,1,0,0,0,0,0,0,0,0,0,0
1212,13,35,2,72,81,4,4,1,2,2,0,0,0,0,0,1,0,0,0,0,0,0,0,0,0,0
1213,13,36,2,72,81,4,4,1,1,1,1,1,1,0,0,1,0,0,0,0,0,0,0,0,0,0
1214,13,37,2,80,90,4,4,1,1,1,0,0,0,0,0,1,0,0,0,0,0,0,0,0,0,0
1215,13,38,2,80,90,4,4,1,1,0,1,1,1,0,0,1,0,0,0,0,0,0,0,0,0,0
1216,13,39,2,88,99,4,4,1,2,2,0,0,0,0,0,1,0,0,0,0,0,0,0,0,0,0
1217,13,40,2,88,99,4,4,1,1,0,1,1,1,0,0,1,0,0,0,0,0,0,0,0,0,0
1218,13,41,2,96,108,4,4,1,2,2,0,0,0,0,0,1,0,0,0,0,0,0,0,0,0,0
1219,13,42,2,96,108,4,4,1,1,0,1,1,1,0,0,1,0,0,0,0,0,0,0,0,0,0
1220,13,43,2,96,108,4,4,1,2,2,0,0,0,0,0,1,0,0,0,0,0,0,0,0,0,0
1221,13,44,2,96,108,4,4,1,1,0,1,1,1,0,0,1,0,0,0,0,0,0,0,0,0,0
1222,13,45,2,96,108,4,4,1,2,2,0,0,0,0,0,1,0,0,0,0,0,0,0,0,0,0
1223,13,46,2,104,117,4,4,1,1,0,1,1,1,0,0,1,0,0,0,0,0,0,0,0,0,0
1224,13,47,2,104,117,4,4,1,2,2,0,0,0,0,0,1,0,0,0,0,0,0,0,0,0,0
1225,13,48,2,104,117,4,4,1,1,0,1,1,1,0,0,1,0,0,0,0,0,0,0,0,0,0
1226,13,49,2,104,117,4,4,1,2,2,0,0,0,0,0,1,0,0,0,0,0,0,0,0,0,0
1227,13,50,2,104,117,4,4,1,1,0,1,1,1,0,0,1,0,0,0,0,0,0,0,0,0,0
1228,13,51,2,104,117,4,4,1,2,2,0,0,0,0,0,1,0,0,0,0,0,0,0,0,0,0
1229,13,52,2,104,117,4,4,1,1,0,1,1,1,0,0,1,0,0,0,0,0,0,0,0,0,0
1230,13,53,2,104,117,4,4,1,2,2,0,0,0,0,0,1,0,0,0,0,0,0,0,0,0,0
1231,13,54,2,104,117,4,4,1,1,0,1,1,1,0,0,1,0,0,0,0,0,0,0,0,0,0
1232,13,55,2,104,117,4,4,1,2,2,0,0,0,0,0,1,0,0,0,0,0,0,0,0,0,0
1233,13,56,2,104,117,4,4,1,1,0,1,1,1,0,0,1,0,0,0,0,0,0,0,0,0,0
1234,13,57,2,104,117,4,4,1,2,2,0,0,0,0,0,1,0,0,0,0,0,0,0,0,0,0
1235,13,58,2,104,117,4,4,1,1,0,1,1,1,0,0,1,0,0,0,0,0,0,0,0,0,0
1236,13,59,2,104,117,4,4,1,2,2,0,0,0,0,0,1,0,0,0,0,0,0,0,0,0,0
1237,13,60,2,104,117,4,4,1,1,1,1,1,1,0,0,1,0,0,0,0,0,0,0,0,0,0
1238,13,61,2,112,126,4,4,1,1,1,0,0,0,0,0,1,0,0,0,0,0,0,0,0,0,0
1239,13,62,2,112,126,4,4,1,1,1,1,0,1,0,0,1,0,0,0,0,0,0,0,0,0,0
1240,13,63,2,112,126,4,4,1,1,1,0,1,0,0,0,1,0,0,0,0,0,0,0,0,0,0
1241,13,64,2,112,126,4,4,1,1,1,1,0,1,0,0,1,0,0,0,0,0,0,0,0,0,0
1242,13,65,2,112,126,4,4,1,1,1,0,1,0,0,0,1,0,0,0,0,0,0,0,0,0,0
1243,13,66,2,112,126,4,4,1,1,1,1,0,1,0,0,1,0,0,0,0,0,0,0,0,0,0
1244,13,67,2,112,126,4,4,1,1,1,0,1,0,0,0,1,0,0,0,0,0,0,0,0,0,0
1245,13,68,2,112,126,4,4,1,1,1,1,0,1,0,0,1,0,0,0,0,0,0,0,0,0,0
1246,13,69,2,112,126,4,4,1,1,1,0,1,0,0,0,1,0,0,0,0,0,0,0,0,0,0
1247,13,70,2,128,144,8,9,1,1,1,1,0,1,0,0,1,0,0,0,0,0,0,0,0,0,0
1248,13,71,2,128,144,8,9,2,0,0,0,0,0,0,0,1,0,0,0,0,0,0,0,0,0,0
1249,13,72,2,128,144,8,9,2,0,0,0,0,0,0,0,1,0,0,0,0,0,0,0,0,0,0
1250,13,73,2,128,144,8,9,2,0,0,0,0,0,0,0,1,0,0,0,0,0,0,0,0,0,0
1251,13,74,2,128,144,8,9,2,0,0,0,0,0,0,0,1,0,0,0,0,0,0,0,0,0,0
1252,13,75,2,128,144,8,9,2,0,0,0,0,0,0,0,1,0,0,0,0,0,0,0,0,0,0
1253,13,76,2,128,144,8,9,2,0,0,0,0,0,0,0,1,0,0,0,0,0,0,0,0,0,0
1254,13,77,2,128,144,8,9,2,0,0,0,0,0,0,0,1,0,0,0,0,0,0,0,0,0,0
1255,13,78,2,128,144,8,9,2,0,0,0,0,0,0,0,1,0,0,0,0,0,0,0,0,0,0
1256,13,79,2,128,144,8,9,2,0,0,0,0,0,0,0,1,0,0,0,0,0,0,0,0,0,0
1257,13,80,2,128,144,8,9,2,0,0,0,0,0,0,0,1,0,0,0,0,0,0,0,0,0,0
1258,13,81,2,128,144,8,9,2,0,0,0,0,0,0,0,1,0,0,0,0,0,0,0,0,0,0
1259,13,82,2,128,144,8,9,2,0,0,0,0,0,0,0,1,0,0,0,0,0,0,0,0,0,0
1260,13,83,2,128,144,8,9,2,0,0,0,0,0,0,0,1,0,0,0,0,0,0,0,0,0,0
1261,13,84,2,128,144,8,9,2,0,0,0,0,0,0,0,1,0,0,0,0,0,0,0,0,0,0
1262,13,85,2,128,144,8,9,2,0,0,0,0,0,0,0,1,0,0,0,0,0,0,0,0,0,0
1263,13,86,2,128,144,8,9,2,0,0,0,0,0,0,0,1,0,0,0,0,0,0,0,0,0,0
1264,13,87,2,128,144,8,9,2,0,0,0,0,0,0,0,1,0,0,0,0,0,0,0,0,0,0
1265,13,88,2,128,144,8,9,2,0,0,0,0,0,0,0,1,0,0,0,0,0,0,0,0,0,0
1266,13,89,2,128,144,8,9,2,0,0,0,0,0,0,0,1,0,0,0,0,0,0,0,0,0,0
1267,13,90,2,128,144,8,9,2,0,0,0,0,0,0,0,1,0,0,0,0,0,0,0,0,0,0
1268,13,91,2,128,144,8,9,2,0,0,0,0,0,0,0,1,0,0,0,0,0,0,0,0,0,0
1269,13,92,2,128,144,8,9,2,0,0,0,0,0,0,0,1,0,0,0,0,0,0,0,0,0,0
1270,13,93,2,128,144,8,9,2,0,0,0,0,0,0,0,1,0,0,0,0,0,0,0,0,0,0
1271,13,94,2,128,144,8,9,2,0,0,0,0,0,0,0,1,0,0,0,0,0,0,0,0,0,0
1272,13,95,2,128,144,8,9,2,0,0,0,0,0,0,0,1,0,0,0,0,0,0,0,0,0,0
1273,13,96,2,128,144,8,9,2,0,0,0,0,0,0,0,1,0,0,0,0,0,0,0,0,0,0
1274,13,97,2,128,144,8,9,2,0,0,0,0,0,0,0,1,0,0,0,0,0,0,0,0,0,0
1275,13,98,2,128,144,8,9,2,0,0,0,0,0,0,0,1,0,0,0,0,0,0,0,0,0,0
1276,13,99,2,128,144,8,9,2,0,0,0,0,0,0,0,1,0,0,0,0,0,0,0,0,0,0