id,map_name,asset_name,map_title,script_id,bgm_id,reverb_flag,environmental_se_id,required_steps_min,required_steps_max,subtract_steps,monster_set_id,encount_area_grid_id,encount_effect_id,area_id,loop_type,moving_availability,sleeping_availability,save_availability,floor
1,Map_10010,map_10010,None,1,6,0,0,150,200,0,0,1,1,1,3,0,1,1,0
2,Map_10020,map_10020,None,2,33,0,0,150,200,0,0,2,1,2,0,0,1,1,0
3,Map_10030,map_10030,None,3,39,0,0,150,200,0,0,3,1,3,3,0,1,1,0
4,Map_20010_1,map_20010,None,4,2,0,0,0,0,0,0,0,3,4,0,1,0,0,0
5,Map_20011_1,map_20011,MSGARA_NAME_20,5,2,0,0,0,0,0,0,0,3,4,0,1,0,0,0
6,Map_20011_2,map_20011,MSGARA_NAME_21,6,2,0,0,0,0,0,0,0,3,4,0,1,0,0,0
7,Map_20011_3,map_20011,MSGARA_NAME_21,7,2,0,0,0,0,0,0,0,3,4,0,1,0,0,0
8,Map_20011_4,map_20011,MSGARA_NAME_37,8,2,0,0,0,0,0,0,0,3,4,0,1,0,0,0
9,Map_20011_5,map_20011,MSGARA_NAME_20,9,2,0,0,0,0,0,0,0,3,4,0,1,0,0,0
10,Map_20011_6,map_20011,MSGARA_NAME_20,10,2,0,0,0,0,0,0,0,3,4,0,1,0,0,0
11,Map_20011_7,map_20011,MSGARA_NAME_42,11,2,0,0,0,0,0,0,0,3,4,0,1,0,0,0
12,Map_20011_8,map_20011,MSGARA_NAME_20,12,2,0,0,0,0,0,0,0,3,4,0,1,0,0,0
13,Map_20011_9,map_20011,MSGARA_NAME_11,13,2,0,0,0,0,0,0,0,3,4,0,1,0,0,0
14,Map_20011_10,map_20011,MSGARA_NAME_12,14,2,0,0,0,0,0,0,0,3,4,0,1,0,0,0
15,Map_20011_11,map_20011,MSG_MAP_NAME_42,15,2,0,0,0,0,0,0,0,3,4,0,1,0,0,0
16,Map_20011_12,map_20011,MSGARA_NAME_20,16,2,0,0,0,0,0,0,0,3,4,0,1,0,0,0
17,Map_20011_13,map_20011,MSGARA_NAME_14,17,2,0,0,0,0,0,0,0,3,4,0,1,0,0,0
18,Map_20011_14,map_20011,MSGARA_NAME_15,18,2,0,0,0,0,0,0,0,3,4,0,1,0,0,0
19,Map_20011_15,map_20011,MSGARA_NAME_16,19,2,0,0,0,0,0,0,0,3,4,0,1,0,0,0
20,Map_20011_16,map_20011,MSGARA_NAME_17,20,2,0,0,0,0,0,0,0,3,4,0,1,0,0,0
21,Map_20011_17,map_20011,MSGARA_NAME_18,21,2,0,0,0,0,0,0,0,3,4,0,1,0,0,0
22,Map_20011_18,map_20011,MSG_MAP_NAME_43,22,2,0,0,0,0,0,0,0,3,4,0,1,0,0,0
23,Map_20011_19,map_20011,MSG_MAP_NAME_44,23,2,0,0,0,0,0,0,0,3,4,0,1,0,0,0
24,Map_20020,map_20020,None,24,5,0,0,0,0,0,0,0,3,5,0,1,0,0,0
25,Map_20021_1,map_20021,MSGARA_NAME_01,25,5,0,0,0,0,0,0,0,3,5,0,1,0,0,0
26,Map_20021_2,map_20021,MSGARA_NAME_05,26,5,0,0,0,0,0,0,0,3,5,0,1,0,0,0
27,Map_20021_3,map_20021,MSG_MAP_NAME_45,27,5,0,0,0,0,0,0,0,3,5,0,1,0,0,0
28,Map_20021_4,map_20021,MSG_MAP_NAME_46,28,5,0,0,0,0,0,0,0,3,5,0,1,0,0,0
29,Map_20021_5,map_20021,MSGARA_NAME_10,29,5,0,0,0,0,0,0,0,3,5,0,1,0,0,0
30,Map_20021_6,map_20021,MSG_MAP_NAME_47,30,5,0,0,0,0,0,0,0,3,5,0,1,0,0,0
31,Map_20021_7,map_20021,MSGARA_NAME_08,31,5,0,0,0,0,0,0,0,3,5,0,1,0,0,0
32,Map_20030,map_20030,None,32,5,0,0,0,0,0,0,0,3,7,0,1,0,0,0
33,Map_20031_1,map_20031,MSGARA_NAME_06,33,5,0,0,0,0,0,0,0,3,7,0,1,0,0,0
34,Map_20031_2,map_20031,MSGARA_NAME_04,34,5,0,0,0,0,0,0,0,3,7,0,1,0,0,0
35,Map_20031_3,map_20031,MSGARA_NAME_02,35,5,0,0,0,0,0,0,0,3,7,0,1,0,0,0
36,Map_20031_4,map_20031,MSGARA_NAME_07,36,5,0,0,0,0,0,0,0,3,7,0,1,0,0,0
37,Map_20031_5,map_20031,None,37,5,0,0,0,0,0,0,0,3,7,0,1,0,0,0
38,Map_20040,map_20040,None,38,15,0,0,0,0,0,0,0,3,8,0,1,0,0,0
39,Map_20041_1,map_20041,MSGARA_NAME_20,39,15,0,0,0,0,0,0,0,3,8,0,1,0,0,0
40,Map_20041_2,map_20041,MSGARA_NAME_21,40,15,0,0,0,0,0,0,0,3,8,0,1,0,0,0
41,Map_20041_3,map_20041,MSGARA_NAME_22,41,15,0,0,0,0,0,0,0,3,8,0,1,0,0,0
42,Map_20041_4,map_20041,MSGARA_NAME_55,42,15,0,0,0,0,0,0,0,3,8,0,1,0,0,0
43,Map_20041_5,map_20041,MSGARA_NAME_56,43,15,0,0,0,0,0,0,0,3,8,0,1,0,0,0
44,Map_20050_1,map_20050,None,44,19,0,0,0,0,0,0,0,3,9,0,1,0,0,0
45,Map_20051_1,map_20051,MSGARA_NAME_20,45,19,0,0,0,0,0,0,0,3,9,0,1,0,0,0
46,Map_20051_2,map_20051,MSGARA_NAME_21,46,19,0,0,0,0,0,0,0,3,9,0,1,0,0,0
47,Map_20051_3,map_20051,MSGARA_NAME_37,47,19,0,0,0,0,0,0,0,3,9,0,1,0,0,0
48,Map_20051_4,map_20051,MSGARA_NAME_09,48,69,0,0,0,0,0,0,0,3,9,0,1,0,0,0
49,Map_20051_5,map_20051,MSGARA_NAME_04,49,19,0,0,0,0,0,0,0,3,9,0,1,0,0,0
50,Map_20051_6,map_20051,MSGARA_NAME_08,50,19,0,0,0,0,0,0,0,3,9,0,1,0,0,0
51,Map_20051_7,map_20051,MSGARA_NAME_11,51,19,0,0,0,0,0,0,0,3,9,0,1,0,0,0
52,Map_20051_8,map_20051,MSGARA_NAME_12,52,19,0,0,0,0,0,0,0,3,9,0,1,0,0,0
53,Map_20051_9,map_20051,MSGARA_NAME_13,53,19,0,0,0,0,0,0,0,3,9,0,1,0,0,0
54,Map_20051_10,map_20051,MSGARA_NAME_14,54,19,0,0,0,0,0,0,0,3,9,0,1,0,0,0
55,Map_20051_11,map_20051,MSGARA_NAME_15,55,19,0,0,0,0,0,0,0,3,9,0,1,0,0,0
56,Map_20051_12,map_20051,MSGARA_NAME_16,56,19,0,0,0,0,0,0,0,3,9,0,1,0,0,0
57,Map_20060,map_20060,None,57,24,0,0,0,0,0,0,0,3,10,0,1,0,0,0
58,Map_20061_1,map_20061,MSG_MAP_NAME_48,58,24,0,0,0,0,0,0,0,3,10,0,1,0,0,0
59,Map_20061_2,map_20061,MSGARA_NAME_09,59,69,0,0,0,0,0,0,0,3,10,0,1,0,0,0
60,Map_20061_3,map_20061,MSG_MAP_NAME_87,60,25,0,0,0,0,0,0,0,3,10,0,1,0,0,0
61,Map_20061_4,map_20061,MSGARA_NAME_06,61,24,0,0,0,0,0,0,0,3,10,0,1,0,0,0
62,Map_20061_5,map_20061,MSGARA_NAME_07,62,24,0,0,0,0,0,0,0,3,10,0,1,0,0,0
63,Map_20061_6,map_20061,MSGARA_NAME_02,63,24,0,0,0,0,0,0,0,3,10,0,1,0,0,0
64,Map_20061_7,map_20061,MSGARA_NAME_01,64,24,0,0,0,0,0,0,0,3,10,0,1,0,0,0
65,Map_20061_8,map_20061,MSGARA_NAME_05,65,24,0,0,0,0,0,0,0,3,10,0,1,0,0,0
66,Map_20061_9,map_20061,MSGARA_NAME_10,66,24,0,0,0,0,0,0,0,3,10,0,1,0,0,0
67,Map_20070_1,map_20070,None,67,5,0,0,0,0,0,0,0,3,6,0,1,0,0,0
68,Map_20071_1,map_20071,MSGARA_NAME_06,68,5,0,0,0,0,0,0,0,3,6,0,1,0,0,0
69,Map_20071_2,map_20071,MSGARA_NAME_07,69,5,0,0,0,0,0,0,0,3,6,0,1,0,0,0
70,Map_20071_3,map_20071,MSGARA_NAME_01,70,5,0,0,0,0,0,0,0,3,6,0,1,0,0,0
71,Map_20071_4,map_20071,None,71,5,0,0,0,0,0,0,0,3,6,0,1,0,0,0
72,Map_20080,map_20080,None,72,5,0,0,0,0,0,0,0,3,16,0,1,0,0,0
73,Map_20081_1,map_20081,MSGARA_NAME_06,73,5,0,0,0,0,0,0,0,3,16,0,1,0,0,0
74,Map_20081_2,map_20081,MSGARA_NAME_07,74,5,0,0,0,0,0,0,0,3,16,0,1,0,0,0
75,Map_20081_3,map_20081,MSGARA_NAME_01,75,5,0,0,0,0,0,0,0,3,16,0,1,0,0,0
76,Map_20081_4,map_20081,MSGARA_NAME_05,76,5,0,0,0,0,0,0,0,3,16,0,1,0,0,0
77,Map_20090,map_20090,None,77,15,0,942,0,0,0,0,0,3,14,0,1,0,0,0
78,Map_20091_1,map_20091,MSGARA_NAME_20,78,15,0,0,0,0,0,0,0,3,14,0,1,0,0,0
79,Map_20091_2,map_20091,MSGARA_NAME_21,79,15,0,0,0,0,0,0,0,3,14,0,1,0,0,0
80,Map_20091_3,map_20091,MSGARA_NAME_37,80,15,0,0,0,0,0,0,0,3,14,0,1,0,0,0
81,Map_20091_4,map_20091,MSGARA_NAME_11,81,15,0,0,0,0,0,0,0,3,14,0,1,0,0,0
82,Map_20091_5,map_20091,MSGARA_NAME_12,82,15,0,0,0,0,0,0,0,3,14,0,1,0,0,0
83,Map_20091_6,map_20091,MSGARA_NAME_14,83,15,0,0,0,0,0,0,0,3,14,0,1,0,0,0
84,Map_20091_7,map_20091,MSGARA_NAME_15,84,15,0,0,0,0,0,0,0,3,14,0,1,0,0,0
85,Map_20091_8,map_20091,MSGARA_NAME_41,85,15,0,0,0,0,0,0,0,3,14,0,1,0,0,0
86,Map_20100,map_20100,None,86,5,0,0,0,0,0,0,0,3,12,0,1,0,0,0
87,Map_20101_1,map_20101,MSGARA_NAME_06,87,5,0,0,0,0,0,0,0,3,12,0,1,0,0,0
88,Map_20101_2,map_20101,MSGARA_NAME_07,88,5,0,0,0,0,0,0,0,3,12,0,1,0,0,0
89,Map_20101_3,map_20101,MSGARA_NAME_05,89,5,0,0,0,0,0,0,0,3,12,0,1,0,0,0
90,Map_20101_4,map_20101,MSGARA_NAME_01,90,5,0,0,0,0,0,0,0,3,12,0,1,0,0,0
91,Map_20101_5,map_20101,MSGARA_NAME_02,91,5,0,0,0,0,0,0,0,3,12,0,1,0,0,0
92,Map_20101_6,map_20101,MSGARA_NAME_03,92,5,0,0,0,0,0,0,0,3,12,0,1,0,0,0
93,Map_20101_7,map_20101,MSG_MAP_NAME_49,93,5,0,0,0,0,0,0,0,3,12,0,1,0,0,0
94,Map_20101_8,map_20101,MSG_MAP_NAME_50,94,5,0,0,0,0,0,0,0,3,12,0,1,0,0,0
95,Map_20101_9,map_20101,MSG_MAP_NAME_51,95,51,0,0,0,0,0,0,0,3,12,0,1,0,0,0
96,Map_20110_1,map_20110,None,96,29,0,0,0,0,0,0,0,3,11,0,1,0,0,0
97,Map_20111_1,map_20111,MSGARA_NAME_20,97,29,0,0,0,0,0,0,0,3,11,0,1,0,0,0
98,Map_20111_2,map_20111,MSGARA_NAME_21,98,29,0,0,0,0,0,0,0,3,11,0,1,0,0,0
99,Map_20111_3,map_20111,MSGARA_NAME_09,99,69,0,0,0,0,0,0,0,3,11,0,1,0,0,0
100,Map_20111_4,map_20111,None,100,29,0,0,0,0,0,0,0,3,11,0,1,0,0,0
101,Map_20111_5,map_20111,MSGARA_NAME_20,101,29,0,0,0,0,0,0,0,3,11,0,1,0,0,0
102,Map_20111_6,map_20111,MSGARA_NAME_27,102,29,0,0,0,0,0,0,0,3,11,0,1,0,0,0
103,Map_20111_7,map_20111,MSGARA_NAME_27,103,29,0,0,0,0,0,0,0,3,11,0,1,0,0,0
104,Map_20111_8,map_20111,MSGARA_NAME_56,104,29,0,0,0,0,0,0,0,3,11,0,1,0,0,0
105,Map_20111_9,map_20111,MSGARA_NAME_28,105,29,0,0,0,0,0,0,0,3,11,0,1,0,0,0
106,Map_20120,map_20120,None,106,5,0,0,0,0,0,0,0,3,13,0,1,0,0,0
107,Map_20121_1,map_20121,MSG_MAP_NAME_52,107,5,0,0,0,0,0,0,0,3,13,0,1,0,0,0
108,Map_20121_2,map_20121,MSG_MAP_NAME_53,108,5,0,0,0,0,0,0,0,3,13,0,1,0,0,0
109,Map_20121_3,map_20121,None,109,5,0,0,0,0,0,0,0,3,13,0,1,0,0,0
110,Map_20121_4,map_20121,MSGARA_NAME_04,110,5,0,0,0,0,0,0,0,3,13,0,1,0,0,0
111,Map_20121_5,map_20121,MSGARA_NAME_06,111,5,0,0,0,0,0,0,0,3,13,0,1,0,0,0
112,Map_20121_6,map_20121,MSGARA_NAME_07,112,5,0,0,0,0,0,0,0,3,13,0,1,0,0,0
113,Map_20131_1,map_20131,None,113,11,0,0,0,0,0,0,0,3,15,0,1,0,0,0
114,Map_20131_2,map_20131,MSGARA_NAME_04,114,11,0,0,0,0,0,0,0,3,15,0,1,0,0,0
115,Map_20131_3,map_20131,MSGARA_NAME_08,115,11,0,0,0,0,0,0,0,3,15,0,1,0,0,0
116,Map_20131_4,map_20131,MSGARA_NAME_28,116,11,0,0,0,0,0,0,0,3,15,0,1,0,0,0
117,Map_20141_1,map_20141,None,117,11,0,0,0,0,0,0,0,3,17,0,1,0,0,0
118,Map_20150,map_20150,None,118,34,0,0,0,0,0,0,0,3,39,0,1,0,0,0
119,Map_20151_1,map_20151,MSGARA_NAME_20,119,34,0,0,0,0,0,0,0,3,39,0,1,0,0,0
120,Map_20151_2,map_20151,MSGARA_NAME_37,120,34,0,0,0,0,0,0,0,3,39,0,1,0,0,0
121,Map_20151_3,map_20151,MSGARA_NAME_04,121,34,0,0,0,0,0,0,0,3,39,0,1,0,0,0
122,Map_20151_4,map_20151,MSGARA_NAME_11,122,34,0,0,0,0,0,0,0,3,39,0,1,0,0,0
123,Map_20151_5,map_20151,MSGARA_NAME_12,123,34,0,0,0,0,0,0,0,3,39,0,1,0,0,0
124,Map_20151_6,map_20151,MSGARA_NAME_13,124,34,0,0,0,0,0,0,0,3,39,0,1,0,0,0
125,Map_20151_7,map_20151,MSGARA_NAME_27,125,34,0,0,0,0,0,0,0,3,39,0,1,0,0,0
126,Map_20151_8,map_20151,None,126,34,0,0,0,0,0,0,0,3,39,0,1,0,0,0
127,Map_20151_9,map_20151,MSGARA_NAME_28,127,34,0,0,0,0,0,0,0,3,39,0,1,0,0,0
128,Map_20151_10,map_20151,None,128,34,0,0,0,0,0,0,0,3,40,0,1,0,0,0
129,Map_20151_11,map_20151,MSGARA_NAME_08,129,34,0,0,0,0,0,0,0,3,39,0,1,0,0,0
130,Map_20151_12,map_20151,MSGARA_NAME_14,130,34,0,0,0,0,0,0,0,3,39,0,1,0,0,0
131,Map_20151_13,map_20151,MSGARA_NAME_15,131,34,0,0,0,0,0,0,0,3,39,0,1,0,0,0
132,Map_20151_14,map_20151,MSGARA_NAME_16,132,34,0,0,0,0,0,0,0,3,39,0,1,0,0,0
133,Map_20151_15,map_20151,MSG_MAP_NAME_55,133,34,0,0,0,0,0,0,0,3,39,0,1,0,0,0
134,Map_20160,map_20160,None,134,37,0,0,0,0,0,0,0,3,42,0,1,0,0,0
135,Map_20161_1,map_20161,MSGARA_NAME_19,135,37,0,0,0,0,0,0,0,3,42,0,1,0,0,0
136,Map_20161_2,map_20161,None,136,37,0,0,0,0,0,0,0,3,42,0,1,0,0,0
137,Map_20161_3,map_20161,MSGARA_NAME_04,137,37,0,0,0,0,0,0,0,3,42,0,1,0,0,0
138,Map_20161_4,map_20161,None,138,37,0,0,0,0,0,0,0,3,42,0,1,0,0,0
139,Map_20161_5,map_20161,MSGARA_NAME_06,139,37,0,0,0,0,0,0,0,3,42,0,1,0,0,0
140,Map_20161_6,map_20161,MSGARA_NAME_07,140,37,0,0,0,0,0,0,0,3,42,0,1,0,0,0
141,Map_20161_7,map_20161,MSG_MAP_NAME_62,141,37,0,0,0,0,0,0,0,3,42,0,1,0,0,0
142,Map_20161_8,map_20161,MSGARA_NAME_27,142,37,0,0,0,0,0,0,0,3,42,0,1,0,0,0
143,Map_20161_9,map_20161,MSGARA_NAME_37,143,37,0,0,0,0,0,0,0,3,42,0,1,0,0,0
144,Map_20170,map_20170,None,144,5,0,0,0,0,0,0,0,3,41,0,1,0,0,0
145,Map_20171_1,map_20171,MSGARA_NAME_05,145,5,0,0,0,0,0,0,0,3,41,0,1,0,0,0
146,Map_20171_2,map_20171,MSGARA_NAME_01,146,5,0,0,0,0,0,0,0,3,41,0,1,0,0,0
147,Map_20171_3,map_20171,MSGARA_NAME_08,147,5,0,0,0,0,0,0,0,3,41,0,1,0,0,0
148,Map_20171_4,map_20171,None,148,5,0,0,0,0,0,0,0,3,41,0,1,0,0,0
149,Map_20180,map_20180,None,149,5,0,0,0,0,0,0,0,3,44,0,1,0,0,0
150,Map_20181_1,map_20181,MSGARA_NAME_20,150,5,0,0,0,0,0,0,0,3,44,0,1,0,0,0
151,Map_20181_2,map_20181,MSGARA_NAME_21,151,5,0,0,0,0,0,0,0,3,44,0,1,0,0,0
152,Map_20191_1,map_20191,None,152,5,0,0,0,0,0,0,0,3,50,0,1,0,0,0
153,Map_20201_1,map_20201,None,153,69,0,0,0,0,0,0,0,3,49,0,1,0,0,0
154,Map_20201_2,map_20201,MSGARA_NAME_21,154,69,0,0,0,0,0,0,0,3,49,0,1,0,0,0
155,Map_20210_1,map_20210,None,155,51,0,0,0,0,0,0,0,3,19,0,1,0,0,0
156,Map_20210_2,map_20210,None,156,51,0,0,0,0,0,0,0,3,20,0,1,0,0,0
157,Map_20210_3,map_20210,None,157,51,0,0,0,0,0,0,0,3,21,0,1,0,0,0
158,Map_20210_4,map_20210,None,158,51,0,0,0,0,0,0,0,3,22,0,1,0,0,0
159,Map_20210_5,map_20210,None,159,51,0,0,0,0,0,0,0,3,23,0,1,0,0,0
160,Map_20220,map_20220,None,160,51,0,0,0,0,0,0,0,3,18,0,1,0,0,0
161,Map_20271_1,map_20271,None,161,38,0,0,0,0,0,0,0,3,57,0,1,0,0,0
162,Map_30011_1,map_30011,None,162,11,1,943,120,200,5,82,0,3,24,0,1,0,0,0
163,Map_30021_1,map_30021,None,163,11,1,0,130,200,5,83,0,3,26,0,1,0,0,0
164,Map_30021_2,map_30021,MSGARA_NAME_19,164,11,1,0,130,200,0,0,0,3,26,0,1,0,0,0
165,Map_30021_3,map_30021,MSG_MAP_NAME_24,165,11,1,0,130,200,5,84,0,3,26,0,1,0,0,0
166,Map_30021_4,map_30021,MSG_MAP_NAME_24,166,11,1,0,130,200,0,0,0,3,26,0,0,0,0,0
167,Map_30021_5,map_30021,MSG_MAP_NAME_24,167,11,1,0,130,200,5,85,0,3,26,0,1,0,0,0
168,Map_30021_6,map_30021,MSG_MAP_NAME_24,168,11,1,0,130,200,5,86,0,3,26,0,1,0,0,0
169,Map_30021_7,map_30021,None,169,11,1,0,130,200,5,87,0,3,26,0,1,0,0,0
170,Map_30021_8,map_30021,None,170,11,1,944,130,200,0,0,0,3,28,0,1,0,0,0
171,Map_30021_9,map_30021,MSGARA_NAME_28,171,11,1,0,130,200,5,88,0,3,28,0,0,0,0,0
172,Map_30021_10,map_30021,MSGARA_NAME_27,172,11,1,0,130,200,5,89,0,3,28,0,0,0,0,0
173,Map_30031_1,map_30031,MSGARA_NAME_27,173,11,1,942,125,200,5,90,0,3,30,0,1,0,0,0
174,Map_30031_2,map_30031,MSGARA_NAME_27,174,11,1,942,125,200,0,0,0,3,30,0,1,0,0,0
175,Map_30031_3,map_30031,MSGARA_NAME_28,175,11,1,942,125,200,5,91,0,3,30,0,1,0,0,0
176,Map_30031_4,map_30031,MSGARA_NAME_28,176,11,1,942,125,200,0,0,0,3,30,0,1,0,0,0
177,Map_30031_5,map_30031,MSG_MAP_NAME_59,177,11,1,942,125,200,5,92,0,3,30,0,1,0,0,0
178,Map_30040,map_30040,None,178,18,0,0,120,200,5,93,0,3,31,0,1,0,0,0
179,Map_30050,map_30050,MSGARA_NAME_57,179,18,0,0,120,200,5,96,0,3,31,0,1,0,0,0
180,Map_30060,map_30060,MSGARA_NAME_38,180,18,0,0,120,200,5,94,0,3,31,0,1,0,0,0
181,Map_30070,map_30070,None,181,18,0,0,120,200,5,95,0,3,31,0,1,0,0,0
182,Map_30080,map_30080,MSGARA_NAME_53,182,18,0,0,120,200,5,97,0,3,33,0,1,0,0,0
183,Map_30090,map_30090,MSGARA_NAME_34,183,18,0,0,120,200,5,98,0,3,33,0,1,0,0,0
184,Map_30100,map_30100,MSGARA_NAME_35,184,18,0,0,120,200,5,99,0,3,33,0,1,0,0,0
185,Map_30110,map_30110,MSGARA_NAME_38,185,18,0,0,120,200,5,100,0,3,33,0,1,0,0,0
186,Map_30121_1,map_30121,MSGARA_NAME_30,186,11,1,948,125,200,5,101,0,3,34,0,2,0,0,0
187,Map_30121_2,map_30121,MSGARA_NAME_29,187,11,1,948,125,200,5,102,0,3,34,0,2,0,0,0
188,Map_30121_3,map_30121,MSGARA_NAME_28,188,11,1,948,125,200,5,103,0,3,34,0,2,0,0,0
189,Map_30121_4,map_30121,MSGARA_NAME_27,189,11,1,948,125,200,5,104,0,3,34,0,2,0,0,0
190,Map_30121_5,map_30121,MSGARA_NAME_27,190,11,1,948,125,200,0,0,0,3,34,0,2,0,0,0
192,Map_30131_1,map_30131,MSGARA_NAME_27,192,11,1,945,125,200,5,105,0,3,35,0,1,0,0,0
193,Map_30131_2,map_30131,MSGARA_NAME_28,193,11,1,945,125,200,5,106,0,3,35,0,1,0,0,0
194,Map_30131_3,map_30131,MSGARA_NAME_28,194,11,1,945,125,200,5,107,0,3,35,0,1,0,0,0
195,Map_30131_4,map_30131,MSGARA_NAME_29,195,11,1,945,125,200,5,108,0,3,35,0,1,0,0,0
196,Map_30131_5,map_30131,MSGARA_NAME_29,196,11,1,945,125,200,0,0,0,3,35,0,1,0,0,0
197,Map_30131_6,map_30131,MSGARA_NAME_29,197,11,1,945,125,200,5,109,0,3,35,0,1,0,0,0
198,Map_30131_7,map_30131,MSGARA_NAME_29,198,11,1,945,125,200,5,110,0,3,35,0,1,0,0,0
199,Map_30131_8,map_30131,MSGARA_NAME_30,199,11,1,945,125,200,5,111,0,3,35,0,1,0,0,0
200,Map_30131_9,map_30131,MSGARA_NAME_30,200,11,1,945,125,200,0,0,0,3,35,0,1,0,0,0
201,Map_30131_10,map_30131,MSGARA_NAME_09,201,0,1,945,125,200,0,0,0,3,35,0,0,0,0,0
202,Map_30141_1,map_30141,MSGARA_NAME_20,202,36,0,0,130,200,5,112,0,3,36,0,0,0,0,0
203,Map_30141_2,map_30141,MSGARA_NAME_21,203,36,0,0,130,200,5,113,0,3,36,0,1,0,0,0
204,Map_30141_3,map_30141,MSGARA_NAME_22,204,36,0,0,130,200,5,114,0,3,36,0,1,0,0,0
205,Map_30141_4,map_30141,MSGARA_NAME_23,205,36,0,0,130,200,5,115,0,3,36,0,1,0,0,0
206,Map_30141_5,map_30141,MSGARA_NAME_24,206,36,0,0,130,200,5,116,0,3,36,0,1,0,0,0
207,Map_30141_6,map_30141,MSGARA_NAME_24,207,36,0,0,130,200,0,0,0,3,36,0,1,0,0,0
208,Map_30141_7,map_30141,MSGARA_NAME_25,208,36,0,0,130,200,0,0,0,3,36,0,0,0,0,0
209,Map_30141_8,map_30141,MSGARA_NAME_26,209,54,0,0,130,200,0,0,0,3,36,0,0,0,0,0
210,Map_30151_1,map_30151,MSGARA_NAME_43,210,31,0,0,130,200,5,128,0,3,45,0,1,0,0,0
211,Map_30151_2,map_30151,MSGARA_NAME_44,211,31,0,0,130,200,5,129,0,3,45,0,1,0,0,0
212,Map_30151_3,map_30151,MSGARA_NAME_44,212,31,0,0,130,700,105,131,0,3,45,0,1,0,0,0
213,Map_30151_4,map_30151,MSGARA_NAME_44,213,31,0,0,130,700,105,130,0,3,45,0,1,0,0,0
214,Map_30151_5,map_30151,MSGARA_NAME_45,214,31,0,0,130,200,5,132,0,3,45,0,1,0,0,0
215,Map_30151_6,map_30151,MSGARA_NAME_46,215,31,0,0,130,200,5,133,0,3,45,0,1,0,0,0
216,Map_30151_7,map_30151,MSGARA_NAME_46,216,31,0,0,130,200,0,0,0,3,45,0,1,0,0,0
217,Map_30151_8,map_30151,MSGARA_NAME_46,217,31,0,0,130,700,105,135,0,3,45,0,1,0,0,0
218,Map_30151_9,map_30151,MSGARA_NAME_46,218,31,0,0,130,700,0,0,0,3,45,0,1,0,0,0
219,Map_30151_10,map_30151,MSGARA_NAME_46,219,31,0,0,130,700,105,134,0,3,45,0,1,0,0,0
220,Map_30151_11,map_30151,MSGARA_NAME_47,220,31,0,0,130,200,5,136,0,3,45,0,1,0,0,0
221,Map_30151_12,map_30151,None,221,31,0,0,130,200,0,0,0,3,45,0,1,0,0,0
222,Map_30151_13,map_30151,MSGARA_NAME_48,222,31,0,0,130,200,5,137,0,3,45,0,1,0,0,0
223,Map_30151_14,map_30151,MSGARA_NAME_49,223,31,0,0,130,200,5,138,0,3,45,0,1,0,0,0
224,Map_30151_15,map_30151,MSGARA_NAME_49,224,31,0,0,130,200,0,0,0,3,45,0,1,0,0,0
225,Map_30151_16,map_30151,MSGARA_NAME_50,225,31,0,0,130,200,5,139,0,3,45,0,1,0,0,0
226,Map_30161_1,map_30161,MSGARA_NAME_27,226,11,1,0,120,200,5,189,0,3,37,0,1,0,0,0
227,Map_30161_2,map_30161,MSG_MAP_NAME_60,227,11,1,0,120,200,5,190,0,3,37,0,1,0,0,0
228,Map_30161_3,map_30161,MSG_MAP_NAME_60,228,11,1,0,120,200,5,191,0,3,37,0,1,0,0,0
229,Map_30161_4,map_30161,MSG_MAP_NAME_60,229,11,1,0,120,200,0,0,0,3,37,0,1,0,0,0
234,Map_30171_1,map_30171,MSGARA_NAME_27,234,31,0,0,130,200,5,120,0,3,38,0,1,0,0,0
235,Map_30171_2,map_30171,MSGARA_NAME_28,235,31,0,0,130,200,5,121,0,3,38,0,1,0,0,0
236,Map_30171_3,map_30171,MSGARA_NAME_29,236,31,0,0,130,200,5,122,0,3,38,0,1,0,0,0
237,Map_30171_4,map_30171,MSGARA_NAME_29,237,31,0,0,130,200,0,0,0,3,38,0,1,0,0,0
238,Map_30171_5,map_30171,MSGARA_NAME_30,238,31,0,0,130,200,5,123,0,3,38,0,1,0,0,0
239,Map_30171_6,map_30171,MSGARA_NAME_31,239,31,0,0,130,200,5,124,0,3,38,0,1,0,0,0
240,Map_30171_7,map_30171,MSGARA_NAME_50,240,31,0,0,130,200,5,125,0,3,38,0,1,0,0,0
241,Map_30171_8,map_30171,MSGARA_NAME_49,241,31,0,0,130,200,5,126,0,3,38,0,1,0,0,0
242,Map_30171_9,map_30171,MSGARA_NAME_48,242,31,0,0,130,200,5,127,0,3,38,0,1,0,0,0
243,Map_30231_1,map_30231,MSG_MAP_NAME_63,243,41,0,0,125,200,5,161,0,3,60,0,1,0,0,0
244,Map_30231_2,map_30231,MSG_MAP_NAME_64,244,41,0,0,125,200,5,162,0,3,60,0,1,0,0,0
245,Map_30231_3,map_30231,MSG_MAP_NAME_65,245,41,0,0,125,200,5,163,0,3,60,0,1,0,0,0
246,Map_30231_4,map_30231,MSG_MAP_NAME_66,246,41,0,0,125,200,5,164,0,3,60,0,1,0,0,0
247,Map_30231_5,map_30231,MSG_MAP_NAME_67,247,41,0,0,125,200,5,165,0,3,60,0,1,0,0,0
248,Map_30231_6,map_30231,MSGARA_NAME_36,248,41,0,0,125,200,5,166,0,3,60,0,1,0,0,0
249,Map_30231_7,map_30231,MSGARA_NAME_39,249,41,0,0,125,200,0,0,0,3,60,0,1,0,0,0
259,Map_30181_1,map_30181,MSGARA_NAME_27,259,37,1,0,125,200,5,144,0,3,48,0,1,0,0,0
260,Map_30181_2,map_30181,MSGARA_NAME_28,260,37,1,0,125,200,5,145,0,3,48,0,1,0,0,0
261,Map_30181_3,map_30181,MSGARA_NAME_29,261,37,1,0,125,200,5,146,0,3,48,0,1,0,0,0
262,Map_30181_4,map_30181,MSGARA_NAME_19,262,37,1,0,125,200,5,147,0,3,48,0,1,0,0,0
263,Map_30181_5,map_30181,None,263,37,0,0,125,200,0,0,0,3,43,0,1,0,0,0
264,Map_30181_6,map_30181,MSGARA_NAME_21,264,37,0,0,125,200,0,0,0,3,43,0,1,0,0,0
265,Map_30191_1,map_30191,MSGARA_NAME_27,265,37,1,0,125,200,5,141,0,3,47,0,1,0,0,0
266,Map_30191_2,map_30191,MSGARA_NAME_28,266,37,1,0,125,200,5,142,0,3,47,0,1,0,0,0
267,Map_30191_3,map_30191,MSGARA_NAME_29,267,37,1,0,125,200,5,143,0,3,47,0,1,0,0,0
268,Map_30201_1,map_30201,MSGARA_NAME_53,268,11,1,0,130,200,0,0,0,3,46,0,0,0,0,0
269,Map_30201_2,map_30201,MSGARA_NAME_27,269,11,1,0,130,200,5,148,0,3,46,0,1,0,0,0
270,Map_30201_3,map_30201,MSGARA_NAME_27,270,11,1,0,130,200,5,149,0,3,46,0,1,0,0,0
271,Map_30201_4,map_30201,MSGARA_NAME_27,271,11,1,0,130,200,5,148,0,3,46,0,1,0,0,0
272,Map_30201_5,map_30201,MSGARA_NAME_27,272,11,1,0,130,200,0,0,0,3,46,0,1,0,0,0
273,Map_30201_6,map_30201,MSGARA_NAME_27,273,11,1,0,130,200,5,150,0,3,46,0,1,0,0,0
274,Map_30201_7,map_30201,MSGARA_NAME_28,274,11,1,0,130,200,5,151,0,3,46,0,1,0,0,0
275,Map_30201_8,map_30201,MSGARA_NAME_28,275,11,1,0,130,200,0,0,0,3,46,0,1,0,0,0
276,Map_30201_9,map_30201,MSGARA_NAME_28,276,11,1,0,130,200,5,152,0,3,46,0,1,0,0,0
277,Map_30201_10,map_30201,MSGARA_NAME_28,277,11,1,0,130,200,5,153,0,3,46,0,1,0,0,0
278,Map_30201_11,map_30201,MSGARA_NAME_28,278,11,1,0,130,200,0,0,0,3,46,0,1,0,0,0
279,Map_30201_12,map_30201,MSGARA_NAME_28,279,11,1,0,130,200,0,0,0,3,46,0,1,0,0,0
280,Map_30201_13,map_30201,MSGARA_NAME_28,280,11,1,0,130,200,5,154,0,3,46,0,1,0,0,0
281,Map_30201_14,map_30201,MSGARA_NAME_28,281,11,1,0,130,200,5,155,0,3,46,0,1,0,0,0
282,Map_30201_15,map_30201,MSGARA_NAME_29,282,11,1,0,130,200,5,157,0,3,46,0,1,0,0,0
283,Map_30201_16,map_30201,MSGARA_NAME_29,283,11,1,0,130,200,0,0,0,3,46,0,1,0,0,0
284,Map_30201_17,map_30201,MSGARA_NAME_29,284,11,1,0,130,200,5,156,0,3,46,0,1,0,0,0
285,Map_30201_18,map_30201,MSGARA_NAME_29,285,11,1,0,130,200,0,0,0,3,46,0,1,0,0,0
286,Map_30201_19,map_30201,MSGARA_NAME_29,286,11,1,0,130,200,5,158,0,3,46,0,1,0,0,0
287,Map_30201_20,map_30201,MSGARA_NAME_30,287,11,1,0,130,200,0,0,0,3,46,0,1,0,0,0
288,Map_30201_21,map_30201,MSGARA_NAME_30,288,11,1,0,130,200,0,0,0,3,46,0,1,0,0,0
289,Map_30201_22,map_30201,MSGARA_NAME_31,289,11,1,0,130,200,0,0,0,3,46,0,0,0,0,0
290,Map_30201_23,map_30201,MSGARA_NAME_09,290,69,1,0,130,200,0,0,0,3,46,0,0,0,0,0
291,Map_30211_1,map_30211,None,291,40,1,0,120,200,5,159,0,3,51,0,1,0,0,0
292,Map_30211_2,map_30211,None,292,40,1,0,120,200,5,160,0,3,53,0,1,0,0,0
293,Map_30221_1,map_30221,MSGARA_NAME_27,293,37,1,0,125,200,5,167,0,3,55,0,1,0,0,0
294,Map_30221_2,map_30221,MSGARA_NAME_28,294,37,1,0,125,200,5,168,0,3,55,0,1,0,0,0
295,Map_30221_3,map_30221,MSGARA_NAME_29,295,37,1,0,125,200,5,169,0,3,55,0,1,0,0,0
296,Map_30251_1,map_30251,MSGARA_NAME_27,296,54,0,948,130,200,5,170,0,3,56,0,1,0,0,0
297,Map_30251_2,map_30251,MSGARA_NAME_28,297,54,0,948,130,200,5,171,0,3,56,0,1,0,0,0
298,Map_30251_3,map_30251,MSGARA_NAME_29,298,54,0,948,130,200,5,172,0,3,56,0,1,0,0,0
299,Map_30251_4,map_30251,MSGARA_NAME_30,299,54,0,948,130,200,5,173,0,3,56,0,1,0,0,0
300,Map_30251_5,map_30251,MSGARA_NAME_30,300,54,0,948,130,200,5,174,0,3,56,0,1,0,0,0
301,Map_30251_6,map_30251,MSGARA_NAME_30,301,54,0,948,130,200,5,175,0,3,56,0,1,0,0,0
302,Map_30251_7,map_30251,MSGARA_NAME_31,302,54,0,948,130,200,5,176,0,3,56,0,1,0,0,0
303,Map_30251_8,map_30251,MSGARA_NAME_31,303,54,0,948,130,200,5,177,0,3,56,0,1,0,0,0
304,Map_30251_9,map_30251,MSGARA_NAME_31,304,54,0,948,130,200,5,178,0,3,56,0,1,0,0,0
305,Map_30251_10,map_30251,MSGARA_NAME_31,305,54,0,948,130,200,5,179,0,3,56,0,1,0,0,0
306,Map_30251_11,map_30251,MSGARA_NAME_31,306,54,0,948,130,200,0,0,0,3,56,0,1,0,0,0
307,Map_30251_12,map_30251,MSGARA_NAME_32,307,54,0,948,130,200,5,180,0,3,56,0,1,0,0,0
308,Map_30251_13,map_30251,MSGARA_NAME_32,308,54,0,948,130,200,5,181,0,3,56,0,1,0,0,0
309,Map_30251_14,map_30251,MSGARA_NAME_33,309,54,0,948,130,200,5,182,0,3,56,0,1,0,0,0
310,Map_30251_15,map_30251,MSGARA_NAME_33,310,54,0,948,130,200,0,0,0,3,56,0,1,0,0,0
311,Map_30251_16,map_30251,MSGARA_NAME_33,311,54,0,948,130,200,5,183,0,3,56,0,1,0,0,0
312,Map_30251_17,map_30251,MSGARA_NAME_33,312,54,0,948,130,200,5,184,0,3,56,0,1,0,0,0
313,Map_30251_18,map_30251,MSGARA_NAME_58,313,41,0,0,135,200,5,185,0,3,56,0,1,0,0,0
314,Map_30251_19,map_30251,MSGARA_NAME_59,314,41,0,0,135,200,5,186,0,3,56,0,1,0,0,0
315,Map_30251_20,map_30251,MSGARA_NAME_60,315,41,0,0,135,200,5,187,0,3,56,0,1,0,0,0
316,Map_30251_21,map_30251,MSGARA_NAME_61,316,41,0,0,135,200,5,188,0,3,56,0,1,0,0,0
317,Map_30251_22,map_30251,MSGARA_NAME_62,317,41,0,0,135,200,5,0,0,3,56,0,1,0,0,0
318,Map_20021_8,map_20021,None,318,11,0,0,0,0,0,0,0,3,5,0,0,0,0,0
319,Map_20070_2,map_20070,None,319,13,0,0,0,0,0,0,0,3,6,0,0,0,0,0
320,Map_20110_2,map_20110,None,320,32,0,0,0,0,0,0,0,3,11,0,0,0,0,0
321,Map_30171_10,map_30171,None,321,69,0,0,0,0,0,0,0,3,38,0,0,0,0,0
322,Map_30171_11,map_30171,None,322,31,0,0,0,0,0,0,0,3,45,0,0,0,0,0
323,Map_20010_2,map_20010,None,323,69,0,0,0,0,0,0,0,3,4,0,0,0,0,0
324,Map_20010_3,map_20010,None,324,69,0,0,0,0,0,0,0,3,4,0,0,0,0,0
325,Map_20011_20,map_20011,None,325,69,0,0,0,0,0,0,0,3,4,0,0,0,0,0
326,Map_20011_21,map_20011,None,326,69,0,0,0,0,0,0,0,3,4,0,0,0,0,0
327,Map_20011_22,map_20011,None,327,69,0,0,0,0,0,0,0,3,4,0,0,0,0,0
328,Map_20011_23,map_20011,None,328,69,0,0,0,0,0,0,0,3,4,0,0,0,0,0
329,Map_20011_24,map_20011,None,329,69,0,0,0,0,0,0,0,3,4,0,0,0,0,0
330,Map_20041_6,map_20041,None,330,69,0,0,0,0,0,0,0,3,8,0,0,0,0,0
331,Map_20050_2,map_20050,None,331,6,0,0,0,0,0,0,0,3,9,0,0,0,0,0
332,Map_20050_3,map_20050,None,332,6,0,0,0,0,0,0,0,3,9,0,0,0,0,0
333,Map_20051_13,map_20051,None,333,69,0,0,0,0,0,0,0,3,9,0,0,0,0,0
334,Map_20061_10,map_20061,None,334,69,0,0,0,0,0,0,0,3,10,0,0,0,0,0
335,Map_20061_11,map_20061,None,335,69,0,0,0,0,0,0,0,3,10,0,0,0,0,0
336,Map_20320,map_20320,None,336,69,0,0,0,0,0,0,0,3,10,0,0,0,0,0
337,Map_20091_9,map_20091,None,337,69,0,0,0,0,0,0,0,3,14,0,0,0,0,0
338,Map_20121_7,map_20121,None,338,69,0,0,0,0,0,0,0,3,13,0,0,0,0,0
339,Map_20151_16,map_20151,None,339,5,0,0,0,0,0,0,0,3,39,0,0,0,0,0
340,Map_20150_2,map_20150,None,340,5,0,0,0,0,0,0,0,3,39,0,0,0,0,0
341,Map_20161_10,map_20161,None,341,5,0,0,0,0,0,0,0,3,47,0,0,0,0,0
342,Map_20230,map_20230,None,342,6,0,0,0,0,0,0,0,3,4,0,0,0,0,0
343,Map_20241_1,map_20241,None,343,6,0,0,0,0,0,0,0,3,10,0,0,0,0,0
344,Map_20250,map_20250,None,344,5,0,0,0,0,0,0,0,3,4,0,0,0,0,0
345,Map_20281_1,map_20281,None,345,5,0,0,0,0,0,0,0,3,4,0,0,0,0,0
346,Map_20290,map_20290,None,346,5,0,0,0,0,0,0,0,3,4,0,0,0,0,0
347,Map_20300,map_20300,None,347,5,0,0,0,0,0,0,0,3,4,0,0,0,0,0
348,Map_20310,map_20310,None,348,5,0,0,0,0,0,0,0,3,4,0,0,0,0,0
349,Map_30021_11,map_30021,None,349,5,0,0,0,0,0,0,0,3,24,0,0,0,0,0
350,Map_30111_1,map_30111,None,350,5,0,0,0,0,0,0,0,3,33,0,0,0,0,0
351,Map_30100_2,map_30100,None,351,5,0,0,0,0,0,0,0,3,33,0,0,0,0,0
352,Map_40001,map_40001,None,352,5,0,0,0,0,0,0,0,3,4,0,0,0,0,0
353,Map_40002,map_40002,None,353,5,0,0,0,0,0,0,0,3,4,0,0,0,0,0
354,Map_40003,map_40003,None,354,5,0,0,0,0,0,0,0,3,4,0,0,0,0,0
355,Map_40004,map_40004,None,355,5,0,0,0,0,0,0,0,3,4,0,0,0,0,0
356,Map_40005,map_40005,None,356,5,0,0,0,0,0,0,0,3,4,0,0,0,0,0
357,Map_20271_2,map_20271,None,357,38,0,0,0,0,0,0,0,3,57,0,0,0,0,0
358,Map_40006,map_40006,None,358,5,0,0,0,0,0,0,0,3,4,0,0,0,0,0
359,Map_40007,map_40007,None,359,5,0,0,0,0,0,0,0,3,4,0,0,0,0,0
360,Map_40008,map_40008,None,360,5,0,0,0,0,0,0,0,3,4,0,0,0,0,0
361,Map_20310_1,map_20310,None,348,5,0,0,0,0,0,0,0,3,4,0,0,0,0,0
362,Map_40009,Map_40009,None,0,5,0,0,0,0,0,0,0,3,4,0,0,0,0,0
800,Map_00000_1,map_00000,None,1,6,0,0,0,0,0,0,0,0,1,3,0,0,0,0
801,Map_00000_2,map_00000,None,1,6,0,0,0,0,0,0,0,0,1,3,0,0,0,0
802,Map_00000_3,map_00000,None,1,6,0,0,0,0,0,0,0,0,1,3,0,0,0,0
803,Map_00000_4,map_00000,None,1,6,0,0,0,0,0,0,0,0,1,3,0,0,0,0
804,Map_00000_5,map_00000,None,1,6,0,0,0,0,0,0,0,0,1,3,0,0,0,0
