id,content_id
1,267
2,228
3,244
4,280
5,234
6,140
7,183
8,62
9,142
10,35
11,33
12,297
13,176
14,357
15,384
16,288
17,63
18,30
19,214
20,202
21,322
22,247
23,128
24,293
25,229
26,268
27,236
28,378
29,190
30,149
31,12
32,5
33,6
34,133
35,4
36,320
37,31
38,7
39,200
40,55
41,221
42,520
43,172
44,382
45,11
46,60
47,50
48,399
49,395
50,41
51,164
52,208
53,260
54,264
55,241
56,299
57,178
58,26
59,25
60,168
61,306
62,199
63,298
64,253
65,53
66,52
67,10
68,27
69,28
70,49
71,362
72,211
73,175
74,47
75,209
76,246
77,59
78,307
79,239
80,259
81,287
82,309
83,198
84,274
85,286
86,250
87,521
88,272
89,153
90,316
91,319
92,318
93,317
94,398
95,257
96,304
97,237
98,284
99,194
100,270
101,163
102,207
103,151
104,78
105,373
106,135
107,22
108,177
109,24
110,76
111,371
112,325
113,338
114,324
115,64
116,245
117,349
118,184
119,351
120,350
121,376
122,328
123,166
124,249
125,269
126,265
127,129
128,17
129,263
130,222
131,381
132,34
133,281
134,396
135,56
136,356
137,148
138,352
139,329
140,48
141,205
142,40
143,29
144,65
145,13
146,379
147,266
148,42
149,170
150,282
151,235
152,302
153,255
154,303
155,157
156,216
157,279
158,192
159,375
160,189
161,58
162,66
163,334
164,143
165,354
166,363
167,130
168,294
169,292
170,204
171,273
172,230
173,251
174,337
175,217
176,212
177,131
178,21
179,51
180,355
181,16
182,210
183,380
184,238
185,305
186,258
187,285
188,359
189,366
190,171
191,275
192,38
193,167
194,242
195,67
196,138
197,291
198,331
199,358
200,3
201,54
202,248
203,296
204,271
205,193
206,243
207,385
208,68
209,295
210,18
211,46
212,57
213,252
214,132
215,231
216,276
217,23
218,69
219,154
220,70
221,343
222,218
223,345
224,344
225,223
226,220
227,9
228,262
229,136
230,152
231,348
232,346
233,347
234,326
235,365
236,360
237,141
238,233
239,139
240,278
241,182
242,327
243,400
244,330
245,186
246,353
247,173
248,159
249,361
250,2
251,333
252,155
253,323
254,188
255,44
256,39
257,162
258,206
259,150
260,77
261,372
262,71
263,36
264,43
265,37
266,374
267,79
268,72
269,180
270,308
271,277
272,232
273,137
274,156
275,301
276,191
277,169
278,254
279,336
280,283
281,215
282,179
283,158
284,15
285,19
286,364
287,203
288,14
289,73
290,20
291,196
292,160
293,213
294,201
295,165
296,187
297,397
298,335
299,134
300,161
301,377
302,383
303,332
304,256
305,219
306,185
307,45
308,174
309,300
310,195
311,74
312,75
313,290
314,321
315,339
316,181
1001,143
1002,142
1003,141
1004,140
1005,139
1006,138
1007,137
1008,136
1009,135
1010,144
1011,145
1012,146
1013,147
1014,130
1015,129
1016,128
1017,134
1018,133
1019,132
1020,131
1021,180
1022,179
1023,178
1024,177
1025,176
1026,175
1027,158
1028,157
1029,156
1030,155
1031,154
1032,153
1033,152
1034,151
1035,150
1036,149
1037,148
1038,174
1039,173
1040,172
1041,171
1042,170
1043,169
1044,168
1045,195
1046,194
1047,193
1048,192
1049,191
1050,190
1051,189
1052,188
1053,187
1054,186
1055,185
1056,184
1057,182
1058,183
1059,181
1060,202
1061,201
1062,200
1063,199
1064,198
1065,197
1066,521
1067,196
1068,214
1069,213
1070,212
1071,211
1072,210
1073,209
1074,208
1075,207
1076,206
1077,205
1078,204
1079,203
1080,221
1081,220
1082,161
1083,160
1084,167
1085,166
1086,164
1087,163
1088,162
1089,165
1090,219
1091,218
1092,217
1093,216
1094,215
1095,159
1096,223
1097,222
1098,127
1099,239
1100,238
1101,237
1102,236
1103,235
1104,234
1105,233
1106,232
1107,231
1108,230
1109,229
1110,228
1111,224
1112,240
1113,260
1114,259
1115,258
1116,257
1117,256
1118,255
1119,254
1120,253
1121,252
1122,251
1123,249
1124,250
1125,248
1126,247
1127,245
1128,246
1129,244
1130,243
1131,242
1132,241
1133,226
1134,261
1135,288
1136,287
1137,285
1138,284
1139,282
1140,280
1141,278
1142,277
1143,275
1144,273
1145,271
1146,268
1147,267
1148,286
1149,283
1150,281
1151,279
1152,276
1153,274
1154,272
1155,269
1156,270
1157,266
1158,264
1159,265
1160,263
1161,262
1162,225
1163,289
1164,309
1165,308
1166,307
1167,306
1168,305
1169,304
1170,303
1171,302
1172,301
1173,300
1174,299
1175,298
1176,297
1177,296
1178,295
1179,294
1180,292
1181,293
1182,290
1183,227
1184,291
1185,310
