id,battle_background_asset_id,battle_bgm_asset_id,appearance_production,script_name,battle_pattern1,battle_pattern2,battle_pattern3,battle_pattern4,battle_pattern5,battle_pattern6,not_escape,battle_flag_group_id,get_value,get_ap,monster1,monster1_x_position,monster1_y_position,monster1_group,monster2,monster2_x_position,monster2_y_position,monster2_group,monster3,monster3_x_position,monster3_y_position,monster3_group,monster4,monster4_x_position,monster4_y_position,monster4_group,monster5,monster5_x_position,monster5_y_position,monster5_group,monster6,monster6_x_position,monster6_y_position,monster6_group,monster7,monster7_x_position,monster7_y_position,monster7_group,monster8,monster8_x_position,monster8_y_position,monster8_group,monster9,monster9_x_position,monster9_y_position,monster9_group
1,1,7,1,0,1,1,0,0,1,1,0,0,0,0,0,0,0,1,1,15,-10,1,0,0,0,1,0,0,0,1,1,15,20,1,0,0,0,1,0,0,0,1,1,5,5,1,0,0,0,1
2,1,7,1,0,1,1,0,0,1,1,0,0,0,0,0,0,0,1,0,0,0,1,0,0,0,1,0,0,0,1,4,40,15,1,0,0,0,1,0,0,0,1,4,15,-10,1,0,0,0,1
3,1,7,1,0,1,1,0,0,1,1,0,0,0,0,0,0,0,1,0,0,0,1,3,20,15,1,0,0,0,1,3,30,25,1,0,0,0,1,0,0,0,1,4,10,0,1,0,0,0,1
4,1,7,1,0,1,1,0,0,1,1,0,0,0,0,0,0,0,1,3,40,10,1,0,0,0,1,0,0,0,1,3,20,-5,1,0,0,0,1,0,0,0,1,3,8,30,1,0,0,0,1
5,1,7,1,0,1,1,0,0,1,1,0,0,0,0,1,-10,0,1,1,25,0,1,1,0,0,1,0,0,0,1,0,0,0,1,0,0,0,1,0,0,0,1,8,10,0,1,0,0,0,1
6,2,7,1,0,1,1,0,0,1,1,0,0,0,0,0,0,0,1,8,15,15,1,8,15,5,1,0,0,0,1,1,-10,25,1,1,-10,15,1,0,0,0,1,0,0,0,1,0,0,0,1
7,1,7,1,0,1,1,0,0,1,1,0,0,0,0,1,-25,0,1,1,20,0,1,1,-15,0,1,0,0,0,1,0,0,0,1,0,0,0,1,0,0,0,1,1,5,0,1,0,0,0,1
8,2,7,1,0,1,1,0,0,1,1,0,0,0,0,0,0,0,1,5,30,15,1,0,0,0,1,0,0,0,1,5,10,-10,1,0,0,0,1,0,0,0,1,5,0,25,1,0,0,0,1
9,1,7,1,0,1,1,0,0,1,1,0,0,0,0,11,5,-10,1,0,0,0,1,5,20,15,1,11,-25,-20,1,0,0,0,1,5,0,5,1,0,0,0,1,0,0,0,1,0,0,0,1
10,1,7,1,0,1,1,0,0,1,1,0,0,0,0,0,0,0,1,10,40,-25,1,0,0,0,1,0,0,0,1,10,35,0,1,0,0,0,1,0,0,0,1,10,35,-15,1,10,5,40,1
11,1,7,1,0,1,1,0,0,1,1,0,0,0,0,0,0,0,1,10,10,15,1,10,20,-10,1,0,0,0,1,0,0,0,1,12,-10,10,1,0,0,0,1,0,0,0,1,0,0,0,1
12,1,7,1,0,1,1,0,0,1,1,0,0,0,0,0,0,0,1,0,0,0,1,0,0,0,1,0,0,0,1,13,10,-10,1,0,0,0,1,0,0,0,1,0,0,0,1,0,0,0,1
13,2,7,1,0,1,1,0,0,1,1,0,0,0,0,15,-30,0,1,15,15,0,1,15,-10,0,1,0,0,0,1,0,0,0,1,0,0,0,1,0,0,0,1,42,0,0,1,0,0,0,1
14,2,7,1,0,1,1,0,0,1,1,0,0,0,0,0,0,0,1,17,0,-35,1,0,0,0,1,0,0,0,1,17,10,0,1,0,0,0,1,0,0,0,1,17,20,35,1,0,0,0,1
15,2,7,1,0,1,1,0,0,1,1,0,0,0,0,14,20,-25,1,0,0,0,1,14,0,0,1,0,0,0,1,0,0,0,1,0,0,0,1,14,5,-15,1,0,0,0,1,0,0,0,1
16,2,7,1,0,1,1,0,0,1,1,0,0,0,0,15,10,-10,1,15,10,-25,1,0,0,0,1,0,0,0,1,0,0,0,1,0,0,0,1,17,15,-5,1,17,15,-20,1,0,0,0,1
17,2,7,1,0,1,1,0,0,1,1,0,0,0,0,0,0,0,1,0,0,0,1,0,0,0,1,0,0,0,1,16,20,20,1,16,20,0,1,0,0,0,1,16,10,20,1,16,10,0,1
18,2,7,1,0,1,1,0,0,1,1,0,0,0,0,17,30,-30,1,17,30,-35,1,0,0,0,1,15,15,-15,1,15,15,-25,1,0,0,0,1,42,5,-10,1,42,5,-15,1,0,0,0,1
19,2,7,1,0,1,1,0,0,1,1,0,0,0,0,20,-10,-5,1,20,10,-15,1,0,0,0,1,20,-25,-15,1,20,-5,-30,1,0,0,0,1,0,0,0,1,0,0,0,1,0,0,0,1
20,2,7,1,0,1,1,0,0,1,1,0,0,0,0,0,0,0,1,22,15,15,1,22,20,0,1,0,0,0,1,22,5,15,1,22,10,0,1,0,0,0,1,9,-5,35,1,9,0,30,1
21,2,7,1,0,1,1,0,0,1,1,0,0,0,0,14,20,0,1,14,5,0,1,14,-10,0,1,0,0,0,1,0,0,0,1,0,0,0,1,14,0,-20,1,0,0,0,1,0,0,0,1
22,2,7,1,0,1,1,0,0,1,1,0,0,0,0,19,15,-20,1,19,10,-35,1,0,0,0,1,14,-15,-5,1,14,-20,-20,1,0,0,0,1,0,0,0,1,0,0,0,1,0,0,0,1
23,2,7,1,0,1,1,0,0,1,1,0,0,0,0,17,10,0,1,0,0,0,1,17,40,10,1,0,0,0,1,0,0,0,1,0,0,0,1,43,10,-40,1,0,0,0,1,0,0,0,1
24,2,7,1,0,1,1,0,0,1,1,0,0,0,0,0,0,0,1,0,0,0,1,43,20,10,1,0,0,0,1,0,0,0,1,0,0,0,1,43,15,-15,1,0,0,0,1,0,0,0,1
25,2,7,1,0,1,1,0,0,1,1,0,0,0,0,0,0,0,1,16,15,20,1,16,20,0,1,0,0,0,1,16,10,20,1,16,15,0,1,0,0,0,1,16,5,20,1,16,10,0,1
26,2,7,1,0,1,1,0,0,1,1,0,0,0,0,42,10,-5,1,0,0,0,1,42,35,10,1,0,0,0,1,0,0,0,1,0,0,0,1,43,10,-40,1,0,0,0,1,0,0,0,1
27,2,7,1,0,1,1,0,0,1,1,0,0,0,0,19,15,-20,1,19,10,-35,1,0,0,0,1,19,-15,-5,1,19,-20,-20,1,0,0,0,1,0,0,0,1,0,0,0,1,0,0,0,1
28,2,7,1,0,1,1,0,0,1,1,0,0,0,0,9,-35,0,1,9,5,5,1,9,-20,10,1,0,0,0,1,0,0,0,1,0,0,0,1,0,0,0,1,9,5,5,1,0,0,0,1
29,1,7,1,0,1,1,0,0,1,1,0,0,0,0,1,25,0,1,1,25,0,1,1,25,0,1,1,15,0,1,1,15,0,1,1,15,0,1,1,0,-15,1,1,0,-15,1,0,0,0,1
30,1,7,1,0,1,1,0,0,1,1,0,0,0,0,8,25,-15,1,8,25,-30,1,0,0,0,1,1,5,-5,1,1,5,-20,1,0,0,0,1,9,0,5,1,9,0,0,1,0,0,0,1
31,1,7,1,0,1,1,0,0,1,1,0,0,0,0,0,0,0,1,12,25,-25,1,0,0,0,1,0,0,0,1,0,0,0,1,0,0,0,1,0,0,0,1,13,25,0,1,0,0,0,1
32,1,7,1,0,1,1,0,0,1,1,0,0,0,0,0,0,0,1,13,30,-25,1,0,0,0,1,0,0,0,1,0,0,0,1,0,0,0,1,0,0,0,1,13,20,0,1,0,0,0,1
33,2,7,1,0,1,1,0,0,1,1,0,0,0,0,1,-30,5,1,1,15,5,1,1,-15,5,1,0,0,0,1,0,0,0,1,0,0,0,1,0,0,0,1,28,5,5,1,0,0,0,1
34,2,7,1,0,1,1,0,0,1,1,0,0,0,0,1,5,-5,1,0,0,0,1,1,35,10,1,0,0,0,1,0,0,0,1,0,0,0,1,27,10,-40,1,0,0,0,1,0,0,0,1
35,2,7,1,0,1,1,0,0,1,1,0,0,0,0,21,-10,0,1,21,20,-15,1,0,0,0,1,0,0,0,1,0,0,0,1,0,0,0,1,21,5,-20,1,21,35,-30,1,0,0,0,1
36,2,7,1,0,1,1,0,0,1,1,0,0,0,0,1,10,5,1,1,10,5,1,1,35,5,1,0,0,0,1,0,0,0,1,0,0,0,1,0,0,0,1,2,15,0,1,0,0,0,1
37,2,7,1,0,1,1,0,0,1,1,0,0,0,0,0,0,0,1,27,30,-30,1,0,0,0,1,0,0,0,1,0,0,0,1,0,0,0,1,0,0,0,1,27,20,5,1,0,0,0,1
38,2,7,1,0,1,1,0,0,1,1,0,0,0,0,27,0,-10,1,0,0,0,1,2,40,0,1,0,0,0,1,0,0,0,1,0,0,0,1,23,-5,-40,1,0,0,0,1,0,0,0,1
39,2,7,1,0,1,1,0,0,1,1,0,0,0,0,0,0,0,1,0,0,0,1,0,0,0,1,27,30,-10,1,0,0,0,1,2,0,5,1,0,0,0,1,0,0,0,1,0,0,0,1
40,2,7,1,0,1,1,0,0,1,1,0,0,0,0,0,0,0,1,0,0,0,1,0,0,0,1,0,0,0,1,23,45,10,1,0,0,0,1,0,0,0,1,23,20,-15,1,0,0,0,1
41,6,7,1,0,1,1,0,0,1,1,0,0,0,0,0,0,0,1,36,10,20,1,36,10,0,1,0,0,0,1,36,-10,20,1,36,-10,0,1,0,0,0,1,0,0,0,1,0,0,0,1
42,6,7,1,0,1,1,0,0,1,1,0,0,0,0,0,0,0,1,35,5,0,1,0,0,0,1,0,0,0,1,35,-20,15,1,0,0,0,1,0,0,0,1,0,0,0,1,0,0,0,1
43,1,7,1,0,1,1,0,0,1,1,0,0,0,0,37,20,0,1,0,0,0,1,37,40,10,1,0,0,0,1,0,0,0,1,0,0,0,1,38,10,-30,1,0,0,0,1,0,0,0,1
44,6,7,1,0,1,1,0,0,1,1,0,0,0,0,86,15,-5,1,0,0,0,1,0,0,0,1,0,0,0,1,86,25,-20,1,0,0,0,1,0,0,0,1,86,15,10,1,0,0,0,1
45,1,7,1,0,1,1,0,0,1,1,0,0,0,0,37,-10,5,1,0,0,0,1,37,25,10,1,0,0,0,1,0,0,0,1,0,0,0,1,37,0,-30,1,0,0,0,1,0,0,0,1
46,6,7,1,0,1,1,0,0,1,1,0,0,0,0,0,0,0,1,38,20,20,1,0,0,0,1,0,0,0,1,0,0,0,1,0,0,0,1,0,0,0,1,38,20,-15,1,0,0,0,1
47,1,7,1,0,1,1,0,0,1,1,0,0,0,0,0,0,0,1,0,0,0,1,0,0,0,1,86,20,-5,1,86,25,-25,1,0,0,0,1,87,5,-15,1,87,10,-30,1,0,0,0,1
48,6,7,1,0,1,1,0,0,1,1,0,0,0,0,0,0,0,1,0,0,0,1,0,0,0,1,0,0,0,1,36,30,25,1,36,35,0,1,0,0,0,1,35,13,25,1,35,20,10,1
49,6,7,1,0,1,1,0,0,1,1,0,0,0,0,0,0,0,1,0,0,0,1,0,0,0,1,0,0,0,1,36,30,25,1,36,35,0,1,0,0,0,1,35,13,25,1,35,20,10,1
50,6,7,1,0,1,1,0,0,1,1,0,0,0,0,0,0,0,1,36,35,0,1,0,0,0,1,0,0,0,1,36,20,25,1,36,30,0,1,0,0,0,1,48,5,0,1,0,0,0,1
51,6,7,1,0,1,1,0,0,1,1,0,0,0,0,87,35,-20,1,87,35,-35,1,0,0,0,1,86,25,-10,1,86,25,-25,1,0,0,0,1,86,15,0,1,86,15,-15,1,0,0,0,1
52,6,7,1,0,1,1,0,0,1,1,0,0,0,0,35,5,5,1,35,45,5,1,35,40,0,1,36,-5,-5,1,0,0,0,1,36,20,10,1,48,-10,-40,1,0,0,0,1,0,0,0,1
53,1,7,1,0,1,1,0,0,1,1,0,0,0,0,28,-10,5,1,28,25,5,1,28,5,0,1,0,0,0,1,0,0,0,1,0,0,0,1,0,0,0,1,32,10,5,1,0,0,0,1
54,1,7,1,0,1,1,0,0,1,1,0,0,0,0,32,5,5,1,28,30,0,1,32,20,-5,1,0,0,0,1,0,0,0,1,0,0,0,1,28,20,5,1,32,10,0,1,28,35,-5,1
55,1,7,1,0,1,1,0,0,1,1,0,0,0,0,0,0,0,1,1,25,15,1,1,35,0,1,0,0,0,1,28,15,30,1,28,25,15,1,0,0,0,1,28,5,25,1,28,15,10,1
56,1,7,1,0,1,1,0,0,1,1,0,0,0,0,8,5,5,1,8,25,0,1,8,50,-5,1,32,-35,5,1,32,-10,0,1,32,15,-5,1,0,0,0,1,0,0,0,1,0,0,0,1
57,1,7,1,0,1,1,0,0,1,1,0,0,0,0,0,0,0,1,0,0,0,1,0,0,0,1,0,0,0,1,41,15,0,1,0,0,0,1,0,0,0,1,0,0,0,1,0,0,0,1
58,1,7,1,0,1,1,0,0,1,1,0,0,0,0,41,-20,-15,1,0,0,0,1,37,50,10,1,0,0,0,1,0,0,0,1,37,30,10,1,0,0,0,1,0,0,0,1,37,10,10,1
59,1,7,1,0,1,1,0,0,1,1,0,0,0,0,8,15,-15,1,0,0,0,1,8,25,5,1,0,0,0,1,0,0,0,1,0,0,0,1,32,20,-5,1,0,0,0,1,32,25,15,1
60,1,7,1,0,1,1,0,0,1,1,0,0,0,0,8,15,-15,1,0,0,0,1,8,25,5,1,0,0,0,1,0,0,0,1,0,0,0,1,32,20,-5,1,0,0,0,1,32,25,15,1
61,6,7,1,0,1,1,0,0,1,1,0,0,0,0,35,-30,0,1,35,25,0,1,35,-20,0,1,0,0,0,1,0,0,0,1,0,0,0,1,0,0,0,1,47,0,0,1,0,0,0,1
62,6,7,1,0,1,1,0,0,1,1,0,0,0,0,0,0,0,1,0,0,0,1,0,0,0,1,48,25,-15,1,0,0,0,1,48,40,0,1,47,0,-15,1,0,0,0,1,47,15,5,1
63,6,7,1,0,1,1,0,0,1,1,0,0,0,0,0,0,0,1,36,30,-5,1,0,0,0,1,36,10,-10,1,0,0,0,1,36,25,0,1,48,0,-10,1,0,0,0,1,48,15,0,1
64,6,7,1,0,1,1,0,0,1,1,0,0,0,0,48,10,-15,1,0,0,0,1,48,25,0,1,0,0,0,1,0,0,0,1,0,0,0,1,94,10,-30,1,0,0,0,1,0,0,0,1
65,6,7,1,0,1,1,0,0,1,1,0,0,0,0,0,0,0,1,36,30,25,1,36,35,5,1,0,0,0,1,48,15,25,1,48,20,5,1,0,0,0,1,49,0,0,1,0,0,0,1
66,6,7,1,0,1,1,0,0,1,1,0,0,0,0,35,45,0,1,0,0,0,1,35,55,0,1,47,40,-10,1,0,0,0,1,47,50,10,1,48,30,-50,1,48,0,10,1,0,0,0,1
67,6,7,1,0,1,1,0,0,1,1,0,0,0,0,16,10,-15,1,0,0,0,1,16,15,0,1,49,-10,-15,1,0,0,0,1,49,-10,0,1,0,0,0,1,0,0,0,1,0,0,0,1
68,6,7,1,0,1,1,0,0,1,1,0,0,0,0,47,25,-15,1,0,0,0,1,47,30,5,1,0,0,0,1,49,10,-15,1,0,0,0,1,0,0,0,1,49,0,0,1,0,0,0,1
69,6,7,1,0,1,1,0,0,1,1,0,0,0,0,0,0,0,1,49,50,-30,1,0,0,0,1,0,0,0,1,49,45,5,1,0,0,0,1,0,0,0,1,49,40,-25,1,51,10,40,1
70,6,7,1,0,1,1,0,0,1,1,0,0,0,0,51,60,-10,1,51,65,-35,1,0,0,0,1,49,50,-10,1,49,55,-35,1,0,0,0,1,16,40,-10,1,16,45,-35,1,16,5,35,1
71,6,7,1,0,1,1,0,0,1,1,0,0,0,0,0,0,0,1,0,0,0,1,0,0,0,1,0,0,0,1,94,10,0,1,0,0,0,1,0,0,0,1,0,0,0,1,0,0,0,1
72,6,7,1,0,1,1,0,0,1,1,0,0,0,0,51,30,-15,1,0,0,0,1,51,45,0,1,49,15,-15,1,0,0,0,1,49,30,0,1,47,0,-20,1,0,0,0,1,47,15,10,1
73,6,7,1,0,1,1,0,0,1,1,0,0,0,0,47,0,0,1,47,40,0,1,47,30,-5,1,0,0,0,1,0,0,0,1,0,0,0,1,49,10,-10,1,0,0,0,1,51,40,0,1
74,6,7,1,0,1,1,0,0,1,1,0,0,0,0,0,0,0,1,94,30,-20,1,0,0,0,1,0,0,0,1,0,0,0,1,0,0,0,1,0,0,0,1,94,15,10,1,0,0,0,1
75,2,7,1,0,1,1,0,0,1,1,0,0,0,0,74,10,-15,1,15,10,-30,1,0,0,0,1,0,0,0,1,0,0,0,1,0,0,0,1,44,20,-5,1,44,10,-20,1,0,0,0,1
76,2,7,1,0,1,1,0,0,1,1,0,0,0,0,17,15,0,1,17,40,0,1,17,30,0,1,0,0,0,1,0,0,0,1,0,0,0,1,44,20,0,1,44,5,0,1,44,35,0,1
77,2,7,1,0,1,1,0,0,1,1,0,0,0,0,0,0,0,1,44,20,30,1,44,45,10,1,0,0,0,1,0,0,0,1,0,0,0,1,0,0,0,1,56,15,0,1,0,0,0,1
78,2,7,1,0,1,1,0,0,1,1,0,0,0,0,74,0,0,1,74,25,0,1,74,45,0,1,0,0,0,1,0,0,0,1,0,0,0,1,43,5,-15,1,0,0,0,1,56,35,0,1
79,2,7,1,0,1,1,0,0,1,1,0,0,0,0,55,25,-15,1,55,20,-30,1,0,0,0,1,0,0,0,1,0,0,0,1,0,0,0,1,44,25,-5,1,44,20,-20,1,0,0,0,1
80,2,7,1,0,1,1,0,0,1,1,0,0,0,0,55,20,5,1,55,15,0,1,55,40,-5,1,0,0,0,1,0,0,0,1,0,0,0,1,0,0,0,1,56,15,-5,1,0,0,0,1
81,2,7,1,0,1,1,0,0,1,1,0,0,0,0,44,15,5,1,44,15,0,1,44,35,-5,1,0,0,0,1,0,0,0,1,0,0,0,1,0,0,0,1,58,15,-15,1,0,0,0,1
82,2,7,1,0,1,1,0,0,1,1,0,0,0,0,0,0,0,1,57,20,-20,1,0,0,0,1,0,0,0,1,0,0,0,1,0,0,0,1,0,0,0,1,57,15,10,1,0,0,0,1
83,2,7,1,0,1,1,0,0,1,1,0,0,0,0,0,0,0,1,0,0,0,1,56,20,10,1,0,0,0,1,0,0,0,1,0,0,0,1,43,15,-15,1,0,0,0,1,0,0,0,1
84,2,7,1,0,1,1,0,0,1,1,0,0,0,0,55,15,5,1,55,15,0,1,55,35,-5,1,0,0,0,1,0,0,0,1,0,0,0,1,0,0,0,1,58,15,-15,1,0,0,0,1
85,2,7,1,0,1,1,0,0,1,1,0,0,0,0,57,10,-10,1,0,0,0,1,56,35,0,1,0,0,0,1,0,0,0,1,0,0,0,1,0,0,0,1,58,15,-15,1,0,0,0,1
86,2,7,1,0,1,1,0,0,1,1,0,0,0,0,0,0,0,1,0,0,0,1,0,0,0,1,59,15,-10,1,0,0,0,1,59,0,5,1,0,0,0,1,0,0,0,1,0,0,0,1
87,2,7,1,0,1,1,0,0,1,1,0,0,0,0,0,0,0,1,0,0,0,1,57,30,0,1,57,35,-10,1,0,0,0,1,0,0,0,1,0,0,0,1,59,10,0,1,0,0,0,1
88,2,7,1,0,1,1,0,0,1,1,0,0,0,0,0,0,0,1,0,0,0,1,58,35,0,1,0,0,0,1,0,0,0,1,0,0,0,1,0,0,0,1,58,20,0,1,0,0,0,1
89,1,7,1,0,1,1,0,0,1,1,0,0,0,0,61,0,0,1,61,25,0,1,61,20,0,1,7,-20,-15,1,0,0,0,1,7,0,0,1,0,0,0,1,0,0,0,1,0,0,0,1
90,1,7,1,0,1,1,0,0,1,1,0,0,0,0,61,10,0,1,61,0,0,1,61,25,0,1,0,0,0,1,0,0,0,1,0,0,0,1,0,0,0,1,67,10,0,1,0,0,0,1
91,1,7,1,0,1,1,0,0,1,1,0,0,0,0,7,0,-10,1,0,0,0,1,7,15,5,1,0,0,0,1,0,0,0,1,34,-10,25,1,0,0,0,1,0,0,0,1,0,0,0,1
92,1,7,1,0,1,1,0,0,1,1,0,0,0,0,0,0,0,1,0,0,0,1,61,35,10,1,0,0,0,1,61,45,25,1,0,0,0,1,0,0,0,1,62,15,0,1,0,0,0,1
93,7,7,1,0,1,1,0,0,1,1,0,0,0,0,0,0,0,1,0,0,0,1,67,30,0,1,0,0,0,1,67,40,25,1,0,0,0,1,0,0,0,1,66,10,0,1,0,0,0,1
94,7,7,1,0,1,1,0,0,1,1,0,0,0,0,0,0,0,1,66,10,-10,1,0,0,0,1,0,0,0,1,0,0,0,1,0,0,0,1,0,0,0,1,66,20,15,1,0,0,0,1
95,7,7,1,0,1,1,0,0,1,1,0,0,0,0,0,0,0,1,0,0,0,1,6,30,20,1,0,0,0,1,6,40,35,1,0,0,0,1,0,0,0,1,6,10,15,1,0,0,0,1
96,7,7,1,0,1,1,0,0,1,1,0,0,0,0,67,10,-15,1,0,0,0,1,0,0,0,1,0,0,0,1,0,0,0,1,0,0,0,1,0,0,0,1,67,15,-5,1,0,0,0,1
97,7,7,1,0,1,1,0,0,1,1,0,0,0,0,0,0,0,1,64,10,-20,1,0,0,0,1,0,0,0,1,0,0,0,1,0,0,0,1,0,0,0,1,64,20,15,1,0,0,0,1
98,7,7,1,0,1,1,0,0,1,1,0,0,0,0,0,0,0,1,66,10,15,1,0,0,0,1,0,0,0,1,0,0,0,1,0,0,0,1,0,0,0,1,53,20,-10,1,0,0,0,1
99,7,7,1,0,1,1,0,0,1,1,0,0,0,0,0,0,0,1,0,0,0,1,62,35,5,1,0,0,0,1,62,35,25,1,0,0,0,1,0,0,0,1,53,10,-10,1,0,0,0,1
100,7,7,1,0,1,1,0,0,1,1,0,0,0,0,0,0,0,1,66,40,-30,1,0,0,0,1,0,0,0,1,66,25,-15,1,0,0,0,1,0,0,0,1,66,10,0,1,0,0,0,1
101,7,7,1,0,1,1,0,0,1,1,0,0,0,0,6,10,0,1,0,0,0,1,6,5,25,1,0,0,0,1,0,0,0,1,0,0,0,1,52,15,10,1,0,0,0,1,6,20,20,1
102,7,7,1,0,1,1,0,0,1,1,0,0,0,0,0,0,0,1,66,20,-5,1,0,0,0,1,0,0,0,1,0,0,0,1,0,0,0,1,67,20,-10,1,0,0,0,1,64,20,5,1
103,7,7,1,0,1,1,0,0,1,1,0,0,0,0,67,25,-10,1,0,0,0,1,67,50,5,1,66,10,-35,1,0,0,0,1,0,0,0,1,66,0,-30,1,0,0,0,1,0,0,0,1
104,7,7,1,0,1,1,0,0,1,1,0,0,0,0,62,20,-10,1,0,0,0,1,62,50,5,1,53,5,-60,1,0,0,0,1,0,0,0,1,53,-5,-20,1,0,0,0,1,0,0,0,1
105,7,7,1,0,1,1,0,0,1,1,0,0,0,0,6,45,-10,1,0,0,0,1,6,25,15,1,52,25,10,1,0,0,0,1,0,0,0,1,52,5,10,1,0,0,0,1,6,25,15,1
106,7,7,1,0,1,1,0,0,1,1,0,0,0,0,67,20,-10,1,0,0,0,1,67,45,5,1,66,5,-35,1,0,0,0,1,0,0,0,1,53,-5,-35,1,0,0,0,1,0,0,0,1
107,7,7,1,0,1,1,0,0,1,1,0,0,0,0,6,45,5,1,6,40,5,1,6,35,5,1,52,20,10,1,0,0,0,1,0,0,0,1,6,-5,5,1,6,15,5,1,6,30,5,1
108,19,7,1,0,1,1,0,0,1,1,0,0,0,0,0,0,0,1,0,0,0,1,0,0,0,1,72,20,-5,1,0,0,0,1,72,35,10,1,71,0,-40,1,0,0,0,1,0,0,0,1
109,19,7,1,0,1,1,0,0,1,1,0,0,0,0,72,-15,5,1,72,15,0,1,72,45,-5,1,0,0,0,1,0,0,0,1,0,0,0,1,0,0,0,1,71,5,-10,1,0,0,0,1
110,19,7,1,0,1,1,0,0,1,1,0,0,0,0,0,0,0,1,0,0,0,1,121,35,0,1,0,0,0,1,121,35,20,1,0,0,0,1,0,0,0,1,69,5,-10,1,0,0,0,1
111,19,7,1,0,1,1,0,0,1,1,0,0,0,0,121,25,-10,1,0,0,0,1,121,50,5,1,0,0,0,1,69,10,-25,1,0,0,0,1,0,0,0,1,69,5,15,1,0,0,0,1
112,19,7,1,0,1,1,0,0,1,1,0,0,0,0,0,0,0,1,69,40,-30,1,0,0,0,1,0,0,0,1,69,25,-10,1,0,0,0,1,0,0,0,1,69,10,10,1,0,0,0,1
113,19,7,1,0,1,1,0,0,1,1,0,0,0,0,0,0,0,1,0,0,0,1,113,20,5,1,0,0,0,1,113,25,25,1,0,0,0,1,0,0,0,1,69,10,-5,1,0,0,0,1
114,19,7,1,0,1,1,0,0,1,1,0,0,0,0,29,10,-40,1,0,0,0,1,0,0,0,1,29,20,0,1,0,0,0,1,0,0,0,1,29,10,-20,1,29,40,-25,1,0,0,0,1
115,19,7,1,0,1,1,0,0,1,1,0,0,0,0,29,15,0,1,29,10,0,1,29,40,0,1,0,0,0,1,0,0,0,1,0,0,0,1,0,0,0,1,118,10,0,1,0,0,0,1
116,19,7,1,0,1,1,0,0,1,1,0,0,0,0,29,10,-40,1,0,0,0,1,0,0,0,1,29,20,0,1,0,0,0,1,0,0,0,1,20,10,-20,1,21,40,-25,1,0,0,0,1
117,19,7,1,0,1,1,0,0,1,1,0,0,0,0,118,30,-10,1,0,0,0,1,118,30,5,1,0,0,0,1,113,5,-10,1,0,0,0,1,0,0,0,1,113,0,5,1,0,0,0,1
118,19,7,1,0,1,1,0,0,1,1,0,0,0,0,118,10,-10,1,0,0,0,1,118,45,5,1,0,0,0,1,0,0,0,1,0,0,0,1,89,5,-10,1,0,0,0,1,89,40,5,1
119,19,7,1,0,1,1,0,0,1,1,0,0,0,0,0,0,0,1,68,10,15,1,0,0,0,1,0,0,0,1,0,0,0,1,0,0,0,1,0,0,0,1,68,15,-10,1,0,0,0,1
120,19,7,1,0,1,1,0,0,1,1,0,0,0,0,118,10,-10,1,0,0,0,1,118,30,5,1,0,0,0,1,0,0,0,1,0,0,0,1,68,0,-35,1,0,0,0,1,0,0,0,1
121,19,7,1,0,1,1,0,0,1,1,0,0,0,0,118,10,-10,1,0,0,0,1,118,30,5,1,0,0,0,1,0,0,0,1,0,0,0,1,68,0,-35,1,0,0,0,1,0,0,0,1
122,19,7,1,0,1,1,0,0,1,1,0,0,0,0,0,0,0,1,0,0,0,1,121,30,5,1,0,0,0,1,121,40,25,1,0,0,0,1,0,0,0,1,68,10,5,1,0,0,0,1
123,19,7,1,0,1,1,0,0,1,1,0,0,0,0,78,0,-5,1,0,0,0,1,68,35,0,1,78,-25,-5,1,0,0,0,1,68,0,0,1,0,0,0,1,0,0,0,1,0,0,0,1
124,19,7,1,0,1,1,0,0,1,1,0,0,0,0,0,0,0,1,78,30,0,1,0,0,0,1,78,-5,-5,1,0,0,0,1,78,10,5,1,0,0,0,1,0,0,0,1,0,0,0,1
125,19,7,1,0,1,1,0,0,1,1,0,0,0,0,0,0,0,1,78,30,0,1,0,0,0,1,78,-5,-5,1,0,0,0,1,78,10,5,1,0,0,0,1,0,0,0,1,0,0,0,1
126,19,7,1,0,1,1,0,0,1,1,0,0,0,0,0,0,0,1,0,0,0,1,121,30,0,1,0,0,0,1,118,40,20,1,0,0,0,1,0,0,0,1,78,5,0,1,0,0,0,1
127,19,7,1,0,1,1,0,0,1,1,0,0,0,0,0,0,0,1,0,0,0,1,121,30,0,1,0,0,0,1,118,40,20,1,0,0,0,1,0,0,0,1,78,5,0,1,0,0,0,1
128,19,7,1,0,1,1,0,0,1,1,0,0,0,0,121,10,-10,1,0,0,0,1,121,45,0,1,0,0,0,1,0,0,0,1,0,0,0,1,123,5,-10,1,0,0,0,1,78,40,0,1
129,19,7,1,0,1,1,0,0,1,1,0,0,0,0,68,10,-10,1,0,0,0,1,68,45,0,1,0,0,0,1,0,0,0,1,0,0,0,1,123,5,-10,1,0,0,0,1,78,40,0,1
130,19,7,1,0,1,1,0,0,1,1,0,0,0,0,0,0,0,1,0,0,0,1,0,0,0,1,78,35,-5,1,0,0,0,1,78,50,0,1,0,0,0,1,123,10,0,1,0,0,0,1
131,19,7,1,0,1,1,0,0,1,1,0,0,0,0,0,0,0,1,0,0,0,1,0,0,0,1,78,35,-5,1,0,0,0,1,78,50,0,1,0,0,0,1,123,10,0,1,0,0,0,1
132,19,7,1,0,1,1,0,0,1,1,0,0,0,0,0,0,0,1,0,0,0,1,0,0,0,1,78,35,-5,1,0,0,0,1,78,50,0,1,0,0,0,1,123,10,0,1,0,0,0,1
133,19,7,1,0,1,1,0,0,1,1,0,0,0,0,0,0,0,1,0,0,0,1,0,0,0,1,78,35,-5,1,0,0,0,1,78,50,0,1,0,0,0,1,123,10,0,1,0,0,0,1
134,19,7,1,0,1,1,0,0,1,1,0,0,0,0,0,0,0,1,0,0,0,1,0,0,0,1,78,35,-5,1,0,0,0,1,78,50,0,1,0,0,0,1,123,10,0,1,0,0,0,1
135,19,7,1,0,1,1,0,0,1,1,0,0,0,0,0,0,0,1,0,0,0,1,0,0,0,1,78,35,-5,1,0,0,0,1,78,50,0,1,0,0,0,1,123,10,0,1,0,0,0,1
136,19,7,1,0,1,1,0,0,1,1,0,0,0,0,0,0,0,1,0,0,0,1,0,0,0,1,78,35,-5,1,0,0,0,1,78,50,0,1,0,0,0,1,123,10,0,1,0,0,0,1
137,1,7,1,0,1,1,0,0,1,1,0,0,0,0,0,0,0,1,0,0,0,1,0,0,0,1,98,20,-10,1,0,0,0,1,39,40,10,1,0,0,0,1,0,0,0,1,39,15,10,1
138,1,7,1,0,1,1,0,0,1,1,0,0,0,0,0,0,0,1,0,0,0,1,39,55,10,1,98,20,-10,1,0,0,0,1,39,35,10,1,0,0,0,1,0,0,0,1,39,15,10,1
139,1,7,1,0,1,1,0,0,1,1,0,0,0,0,97,-15,0,1,97,15,-5,1,0,0,0,1,97,-30,-15,1,97,0,-20,1,0,0,0,1,0,0,0,1,0,0,0,1,0,0,0,1
140,1,7,1,0,1,1,0,0,1,1,0,0,0,0,97,-25,5,1,97,0,0,1,97,25,-5,1,0,0,0,1,0,0,0,1,0,0,0,1,0,0,0,1,0,0,0,1,0,0,0,1
141,2,7,1,0,1,1,0,0,1,1,0,0,0,0,0,0,0,1,0,0,0,1,102,30,20,1,0,0,0,1,102,35,35,1,0,0,0,1,0,0,0,1,102,15,15,1,0,0,0,1
142,2,7,1,0,1,1,0,0,1,1,0,0,0,0,102,-10,5,1,102,30,0,1,0,0,0,1,102,-30,-10,1,102,10,-20,1,0,0,0,1,0,0,0,1,0,0,0,1,0,0,0,1
143,2,7,1,0,1,1,0,0,1,1,0,0,0,0,102,35,-15,1,6,40,-20,1,0,0,0,1,102,20,-5,1,6,25,-10,1,0,0,0,1,102,5,5,1,6,10,0,1,0,0,0,1
144,2,7,1,0,1,1,0,0,1,1,0,0,0,0,0,0,0,1,0,0,0,1,90,20,0,1,0,0,0,1,0,0,0,1,0,0,0,1,90,15,-10,1,0,0,0,1,0,0,0,1
145,2,7,1,0,1,1,0,0,1,1,0,0,0,0,90,30,-10,1,0,0,0,1,0,0,0,1,0,0,0,1,0,0,0,1,77,55,0,1,0,0,0,1,26,15,0,1,0,0,0,1
146,1,7,1,0,1,1,0,0,1,1,0,0,0,0,90,20,-10,1,0,0,0,1,90,45,0,1,0,0,0,1,0,0,0,1,0,0,0,1,26,10,-10,1,0,0,0,1,26,30,0,1
147,2,7,1,0,1,1,0,0,1,1,0,0,0,0,0,0,0,1,0,0,0,1,0,0,0,1,50,15,-10,1,0,0,0,1,50,30,5,1,50,0,-35,1,0,0,0,1,0,0,0,1
148,2,7,1,0,1,1,0,0,1,1,0,0,0,0,0,0,0,1,50,40,-20,1,0,0,0,1,0,0,0,1,50,35,0,1,0,0,0,1,0,0,0,1,50,35,-15,1,50,5,45,1
149,2,7,1,0,1,1,0,0,1,1,0,0,0,0,48,20,-40,1,0,0,0,1,0,0,0,1,48,10,-10,1,0,0,0,1,48,25,5,1,50,0,-10,1,0,0,0,1,50,15,5,1
150,2,7,1,0,1,1,0,0,1,1,0,0,0,0,0,0,0,1,0,0,0,1,0,0,0,1,0,0,0,1,148,5,-10,1,0,0,0,1,0,0,0,1,0,0,0,1,0,0,0,1
151,2,7,1,0,1,1,0,0,1,1,0,0,0,0,50,5,-10,1,0,0,0,1,50,20,5,1,0,0,0,1,0,0,0,1,0,0,0,1,148,10,-40,1,0,0,0,1,0,0,0,1
152,2,7,1,0,1,1,0,0,1,1,0,0,0,0,48,45,-10,1,0,0,0,1,48,55,5,1,50,30,-10,1,0,0,0,1,50,45,5,1,148,10,-40,1,0,0,0,1,0,0,0,1
153,19,7,1,0,1,1,0,0,1,1,0,0,0,0,0,0,0,1,0,0,0,1,0,0,0,1,0,0,0,1,100,50,5,1,0,0,0,1,0,0,0,1,100,10,-15,1,0,0,0,1
154,19,7,1,0,1,1,0,0,1,1,0,0,0,0,0,0,0,1,100,45,0,1,0,0,0,1,0,0,0,1,100,25,-25,1,0,0,0,1,0,0,0,1,100,10,5,1,0,0,0,1
155,19,7,1,0,1,0,0,0,0,0,1,0,0,0,0,0,0,1,0,0,0,1,0,0,0,1,100,40,-10,1,0,0,0,1,100,65,5,1,100,5,-10,1,0,0,0,1,100,30,5,1
156,19,7,1,0,1,1,0,0,1,1,0,0,0,0,110,10,-10,1,0,0,0,1,0,0,0,1,0,0,0,1,0,0,0,1,0,0,0,1,0,0,0,1,0,0,0,1,110,30,10,1
157,19,7,1,0,1,1,0,0,1,1,0,0,0,0,0,0,0,1,110,40,0,1,0,0,0,1,110,10,-10,1,0,0,0,1,110,-10,5,1,0,0,0,1,0,0,0,1,0,0,0,1
158,19,7,1,0,1,1,0,0,1,1,0,0,0,0,0,0,0,1,100,40,0,1,0,0,0,1,110,10,-10,1,0,0,0,1,60,-10,5,1,0,0,0,1,0,0,0,1,0,0,0,1
159,19,7,1,0,1,1,0,0,1,1,0,0,0,0,0,0,0,1,0,0,0,1,110,40,0,1,0,0,0,1,110,25,25,1,0,0,0,1,0,0,0,1,100,5,0,1,0,0,0,1
160,19,7,1,0,1,1,0,0,1,1,0,0,0,0,110,0,-10,1,0,0,0,1,110,40,5,1,0,0,0,1,0,0,0,1,0,0,0,1,100,0,-10,1,0,0,0,1,100,40,5,1
161,2,7,1,0,1,1,0,0,1,1,0,0,0,0,0,0,0,1,0,0,0,1,0,0,0,1,0,0,0,1,232,0,0,1,0,0,0,1,0,0,0,1,0,0,0,1,0,0,0,1
165,19,7,1,0,1,1,0,0,1,1,0,0,0,0,110,25,0,1,0,0,0,1,110,25,0,1,0,0,0,1,0,0,0,1,0,0,0,1,0,0,0,1,60,15,0,1,0,0,0,1
166,19,7,1,0,1,1,0,0,1,1,0,0,0,0,110,15,0,1,0,0,0,1,110,45,0,1,0,0,0,1,0,0,0,1,0,0,0,1,60,5,0,1,0,0,0,1,60,35,0,1
167,19,7,1,0,1,1,0,0,1,1,0,0,0,0,0,0,0,1,106,20,-15,1,0,0,0,1,0,0,0,1,106,10,25,1,0,0,0,1,0,0,0,1,106,0,0,1,0,0,0,1
168,19,7,1,0,1,1,0,0,1,1,0,0,0,0,106,15,-40,1,0,0,0,1,0,0,0,1,106,10,0,1,0,0,0,1,106,10,0,1,0,0,0,1,106,0,0,1,0,0,0,1
169,19,7,1,0,1,1,0,0,1,1,0,0,0,0,106,15,-5,1,0,0,0,1,110,20,0,1,0,0,0,1,0,0,0,1,0,0,0,1,106,15,5,1,0,0,0,1,100,10,5,1
170,19,7,1,0,1,1,0,0,1,1,0,0,0,0,106,40,-10,1,106,40,-30,1,0,0,0,1,0,0,0,1,100,25,0,1,0,0,0,1,0,0,0,1,63,5,0,1,0,0,0,1
171,19,7,1,0,1,1,0,0,1,1,0,0,0,0,0,0,0,1,63,10,10,1,0,0,0,1,0,0,0,1,0,0,0,1,0,0,0,1,0,0,0,1,63,10,-20,1,0,0,0,1
173,19,7,1,0,1,1,0,0,1,1,0,0,0,0,106,20,0,1,106,10,0,1,106,0,0,1,0,0,0,1,0,0,0,1,0,0,0,1,0,0,0,1,0,0,0,1,63,10,30,1
175,19,7,1,0,1,1,0,0,1,1,0,0,0,0,0,0,0,1,79,55,-15,1,0,0,0,1,0,0,0,1,79,30,0,1,0,0,0,1,0,0,0,1,79,5,15,1,0,0,0,1
179,19,7,1,0,1,1,0,0,1,1,0,0,0,0,0,0,0,1,0,0,0,1,0,0,0,1,0,0,0,1,234,0,0,1,0,0,0,1,0,0,0,1,0,0,0,1,0,0,0,1
180,19,7,1,0,1,1,0,0,1,1,0,0,0,0,79,0,-10,1,0,0,0,1,79,10,0,1,0,0,0,1,0,0,0,1,0,0,0,1,0,0,0,1,261,0,0,1,0,0,0,1
181,19,7,1,0,1,1,0,0,1,1,0,0,0,0,79,0,-10,1,0,0,0,1,79,10,0,1,0,0,0,1,0,0,0,1,0,0,0,1,0,0,0,1,99,0,0,1,0,0,0,1
182,19,7,1,0,1,1,0,0,1,1,0,0,0,0,79,0,-10,1,0,0,0,1,79,10,0,1,0,0,0,1,0,0,0,1,0,0,0,1,0,0,0,1,259,0,0,1,0,0,0,1
183,19,7,1,0,1,1,0,0,1,1,0,0,0,0,79,0,-10,1,0,0,0,1,79,10,0,1,0,0,0,1,0,0,0,1,0,0,0,1,0,0,0,1,262,0,0,1,0,0,0,1
185,20,7,1,0,1,1,0,0,1,1,0,0,0,0,0,0,0,1,0,0,0,1,0,0,0,1,0,0,0,1,0,0,0,1,0,0,0,1,151,0,0,1,0,0,0,1,0,0,0,1
186,20,7,1,0,1,1,0,0,1,1,0,0,0,0,0,0,0,1,0,0,0,1,137,25,5,1,137,25,-5,1,0,0,0,1,0,0,0,1,151,0,0,1,0,0,0,1,0,0,0,1
187,20,7,1,0,1,1,0,0,1,1,0,0,0,0,0,0,0,1,105,40,-10,1,0,0,0,1,0,0,0,1,137,20,0,1,0,0,0,1,0,0,0,1,137,5,15,1,0,0,0,1
188,20,7,1,0,1,1,0,0,1,1,0,0,0,0,105,30,-5,1,0,0,0,1,105,35,5,1,0,0,0,1,0,0,0,1,137,20,25,1,0,0,0,1,0,0,0,1,137,10,25,1
189,20,7,1,0,1,1,0,0,1,1,0,0,0,0,0,0,0,1,0,0,0,1,137,40,5,1,137,40,-5,1,0,0,0,1,0,0,0,1,271,0,0,1,0,0,0,1,0,0,0,1
190,20,7,1,0,1,1,0,0,1,1,0,0,0,0,0,0,0,1,0,0,0,1,137,25,5,1,137,25,-5,1,0,0,0,1,0,0,0,1,0,0,0,1,146,5,0,1,0,0,0,1
191,20,7,1,0,1,1,0,0,1,1,0,0,0,0,0,0,0,1,0,0,0,1,0,0,0,1,0,0,0,1,0,0,0,1,138,0,0,1,0,0,0,1,0,0,0,1,0,0,0,1
193,20,7,1,0,1,1,0,0,1,1,0,0,0,0,0,0,0,1,0,0,0,1,105,30,5,1,0,0,0,1,105,30,20,1,0,0,0,1,0,0,0,1,146,5,-10,1,0,0,0,1
194,20,7,1,0,1,1,0,0,1,1,0,0,0,0,0,0,0,1,0,0,0,1,105,30,5,1,0,0,0,1,137,30,20,1,0,0,0,1,0,0,0,1,146,5,-10,1,0,0,0,1
195,20,7,1,0,1,1,0,0,1,1,0,0,0,0,0,0,0,1,0,0,0,1,0,0,0,1,0,0,0,1,0,0,0,1,0,0,0,1,272,0,0,1,0,0,0,1,0,0,0,1
196,20,7,1,0,1,1,0,0,1,1,0,0,0,0,0,0,0,1,0,0,0,1,146,20,10,1,0,0,0,1,0,0,0,1,0,0,0,1,0,0,0,1,0,0,0,1,138,15,10,1
197,20,7,1,0,1,1,0,0,1,1,0,0,0,0,0,0,0,1,105,30,15,1,105,20,10,1,0,0,0,1,0,0,0,1,0,0,0,1,271,0,0,1,0,0,0,1,0,0,0,1
198,20,7,1,0,1,1,0,0,1,1,0,0,0,0,0,0,0,1,0,0,0,1,137,35,5,1,137,30,-5,1,0,0,0,1,105,15,5,1,105,10,5,1,105,5,5,1,0,0,0,1
199,20,7,1,0,1,1,0,0,1,1,0,0,0,0,0,0,0,1,0,0,0,1,0,0,0,1,0,0,0,1,146,30,10,1,0,0,0,1,0,0,0,1,146,5,-10,1,0,0,0,1
200,20,7,1,0,1,1,0,0,1,1,0,0,0,0,0,0,0,1,0,0,0,1,0,0,0,1,0,0,0,1,111,20,0,1,0,0,0,1,0,0,0,1,0,0,0,1,0,0,0,1
201,20,7,1,0,1,1,0,0,1,1,0,0,0,0,0,0,0,1,105,25,10,1,105,10,10,1,0,0,0,1,0,0,0,1,0,0,0,1,273,0,0,1,0,0,0,1,0,0,0,1
202,20,7,1,0,1,1,0,0,1,1,0,0,0,0,105,20,-5,1,0,0,0,1,0,0,0,1,0,0,0,1,0,0,0,1,137,35,10,1,0,0,0,1,0,0,0,1,138,15,10,1
203,20,7,1,0,1,1,0,0,1,1,0,0,0,0,0,0,0,1,0,0,0,1,105,40,10,1,0,0,0,1,146,35,10,1,0,0,0,1,0,0,0,1,0,0,0,1,138,15,10,1
205,20,7,1,0,1,1,0,0,1,1,0,0,0,0,105,20,-10,1,0,0,0,1,105,20,10,1,137,0,-10,1,0,0,0,1,137,0,10,1,137,-5,-10,1,0,0,0,1,0,0,0,1
206,20,7,1,0,1,1,0,0,1,1,0,0,0,0,0,0,0,1,0,0,0,1,146,40,5,1,105,30,0,1,0,0,0,1,137,20,10,1,0,0,0,1,0,0,0,1,137,10,35,1
207,20,7,1,0,1,1,0,0,1,1,0,0,0,0,0,0,0,1,0,0,0,1,138,20,10,1,0,0,0,1,0,0,0,1,0,0,0,1,0,0,0,1,0,0,0,1,138,20,10,1
209,1,7,1,0,1,1,0,0,1,1,0,0,0,0,1,-5,0,1,1,25,0,1,1,10,0,1,0,0,0,1,0,0,0,1,0,0,0,1,1,10,0,1,1,0,0,1,1,25,0,1
210,2,7,1,0,1,1,0,0,1,1,0,0,0,0,8,0,0,1,8,30,0,1,8,20,0,1,0,0,0,1,0,0,0,1,0,0,0,1,8,20,0,1,8,5,0,1,8,35,0,1
211,1,7,1,0,1,1,0,0,1,1,0,0,0,0,91,20,-5,1,0,0,0,1,91,40,5,1,0,0,0,1,0,0,0,1,0,0,0,1,26,10,-5,1,0,0,0,1,26,30,5,1
221,20,0,1,0,1,0,0,0,0,0,1,11,0,0,0,0,0,1,0,0,0,1,0,0,0,1,0,0,0,1,194,0,0,1,0,0,0,1,0,0,0,1,0,0,0,1,0,0,0,1
222,20,12,1,0,1,0,0,0,0,0,1,13,0,0,0,0,0,1,214,35,30,1,0,0,0,1,0,0,0,1,199,55,-15,1,0,0,0,1,0,0,0,1,198,30,-10,1,0,0,0,1
223,2,12,1,0,1,0,0,0,0,0,1,13,0,0,0,0,0,1,0,0,0,1,0,0,0,1,0,0,0,1,162,25,-15,1,0,0,0,1,0,0,0,1,0,0,0,1,0,0,0,1
224,4,12,1,0,1,0,0,0,0,0,1,13,0,0,0,0,0,1,0,0,0,1,0,0,0,1,0,0,0,1,163,25,-30,1,0,0,0,1,0,0,0,1,0,0,0,1,0,0,0,1
225,2,12,1,0,1,0,0,0,0,0,1,13,0,0,0,0,0,1,0,0,0,1,0,0,0,1,0,0,0,1,164,0,-15,1,0,0,0,1,0,0,0,1,0,0,0,1,0,0,0,1
226,6,0,1,0,1,0,0,0,0,0,1,11,0,0,0,0,0,1,0,0,0,1,0,0,0,1,0,0,0,1,165,0,0,1,0,0,0,1,0,0,0,1,0,0,0,1,0,0,0,1
227,6,12,1,0,1,0,0,0,0,0,1,13,0,0,212,10,-10,1,0,0,0,1,212,40,5,1,212,5,-10,1,0,0,0,1,212,35,5,1,0,0,0,1,0,0,0,1,166,20,10,1
228,6,27,1,0,0,1,0,0,0,0,1,13,0,0,0,0,0,1,0,0,0,1,0,0,0,1,0,0,0,1,167,0,-15,1,0,0,0,1,0,0,0,1,0,0,0,1,0,0,0,1
229,17,12,1,0,1,0,0,0,0,0,1,13,0,0,0,0,0,1,170,-5,33,1,0,0,0,1,0,0,0,1,168,0,-15,1,0,0,0,1,0,0,0,1,169,10,13,1,0,0,0,1
230,17,27,1,0,1,0,0,0,0,0,1,13,0,0,0,0,0,1,0,0,0,1,0,0,0,1,0,0,0,1,171,0,-20,1,0,0,0,1,0,0,0,1,0,0,0,1,0,0,0,1
231,14,12,1,0,1,0,0,0,0,0,1,14,0,0,0,0,0,1,0,0,0,1,0,0,0,1,0,0,0,1,172,0,0,1,0,0,0,1,0,0,0,1,0,0,0,1,0,0,0,1
232,14,0,1,0,1,0,0,0,0,0,1,13,0,0,0,0,0,1,0,0,0,1,0,0,0,1,0,0,0,1,173,0,0,1,0,0,0,1,0,0,0,1,0,0,0,1,0,0,0,1
233,19,12,1,0,1,0,0,0,0,0,1,13,0,0,0,0,0,1,0,0,0,1,176,30,10,1,0,0,0,1,0,0,0,1,175,20,10,1,0,0,0,1,0,0,0,1,174,10,10,1
234,19,0,1,1022,1,0,0,0,0,0,1,5,0,0,0,0,0,1,0,0,0,1,0,0,0,1,0,0,0,1,177,0,-30,1,0,0,0,1,0,0,0,1,0,0,0,1,0,0,0,1
235,19,27,1,0,1,0,0,0,0,0,1,13,0,0,0,0,0,1,0,0,0,1,0,0,0,1,0,0,0,1,178,0,-20,1,0,0,0,1,0,0,0,1,0,0,0,1,0,0,0,1
236,16,0,2,1015,1,0,0,0,0,0,1,5,0,0,0,0,0,1,209,35,-10,1,0,0,0,1,0,0,0,1,209,20,5,1,0,0,0,1,0,0,0,1,209,5,20,1,0,0,0,1
237,22,0,1,0,1,0,0,0,0,0,1,0,0,0,0,0,0,1,0,0,0,1,0,0,0,1,0,0,0,1,0,0,0,1,0,0,0,1,0,0,0,1,207,10,0,1,0,0,0,1
238,17,12,1,0,1,0,0,0,0,0,1,0,0,0,0,0,0,1,30,10,0,1,0,0,0,1,30,5,0,1,0,0,0,1,30,5,0,1,0,0,0,1,31,0,0,1,0,0,0,1
239,17,12,1,1017,1,0,0,0,0,0,1,2,0,0,0,0,0,1,0,0,0,1,0,0,0,1,0,0,0,1,0,0,0,1,0,0,0,1,0,0,0,1,204,10,0,1,0,0,0,1
240,18,7,1,0,1,0,0,0,0,0,1,10,0,0,0,0,0,1,0,0,0,1,0,0,0,1,0,0,0,1,0,0,0,1,0,0,0,1,0,0,0,1,197,20,0,1,0,0,0,1
241,6,0,1,1019,1,0,0,0,0,0,1,5,0,0,0,0,0,1,257,10,-10,1,0,0,0,1,257,0,0,1,0,0,0,1,0,0,0,1,0,0,0,1,257,0,10,1,0,0,0,1
242,14,21,1,0,1,0,0,0,0,0,1,1,0,0,0,0,0,1,0,0,0,1,0,0,0,1,0,0,0,1,0,0,0,1,0,0,0,1,0,0,0,1,203,10,0,1,0,0,0,1
243,17,0,1,0,1,0,0,0,0,0,1,3,0,0,0,0,0,1,0,0,0,1,0,0,0,1,0,0,0,1,0,0,0,1,0,0,0,1,0,0,0,1,205,10,0,1,0,0,0,1
246,16,0,2,1016,1,0,0,0,0,0,1,5,0,0,0,0,0,1,0,0,0,1,0,0,0,1,0,0,0,1,210,10,5,1,0,0,0,1,0,0,0,1,0,0,0,1,0,0,0,1
247,14,54,1,0,1,0,0,0,0,0,1,8,0,0,0,0,0,1,0,0,0,1,0,0,0,1,0,0,0,1,0,0,0,1,0,0,0,1,0,0,0,1,206,10,0,1,0,0,0,1
248,17,0,1,0,1,0,0,0,0,0,1,4,0,0,0,0,0,1,0,0,0,1,0,0,0,1,45,10,0,1,0,0,0,1,45,10,0,1,0,0,0,1,46,0,0,1,0,0,0,1
249,17,0,1,0,1,0,0,0,0,0,1,4,0,0,0,0,0,1,0,0,0,1,0,0,0,1,22,25,-10,1,0,0,0,1,28,30,10,1,0,0,0,1,23,10,0,1,0,0,0,1
250,17,0,1,0,1,0,0,0,0,0,1,4,0,0,0,0,0,1,0,0,0,1,0,0,0,1,0,0,0,1,38,0,0,1,0,0,0,1,0,0,0,1,0,0,0,1,0,0,0,1
251,17,0,1,0,1,0,0,0,0,0,1,9,0,0,0,0,0,1,0,0,0,1,59,10,5,1,59,-10,-5,1,0,0,0,1,0,0,0,1,0,0,0,1,0,0,0,1,0,0,0,1
252,17,12,1,0,1,0,0,0,0,0,1,13,0,0,0,0,0,1,0,0,0,1,0,0,0,1,0,0,0,1,189,0,-20,1,0,0,0,1,0,0,0,1,0,0,0,1,0,0,0,1
253,14,12,1,0,1,0,0,0,0,0,1,0,0,0,0,0,0,1,0,0,0,1,0,0,0,1,0,0,0,1,225,0,0,1,0,0,0,1,0,0,0,1,0,0,0,1,0,0,0,1
254,2,12,1,1024,1,0,0,0,0,0,1,6,0,0,0,0,0,1,0,0,0,1,0,0,0,1,0,0,0,1,226,0,-25,1,0,0,0,1,0,0,0,1,0,0,0,1,0,0,0,1
255,19,12,1,0,1,0,0,0,0,0,1,9,0,0,0,0,0,1,186,20,-20,1,0,0,0,1,0,0,0,1,0,0,0,1,0,0,0,1,0,0,0,1,187,15,-20,1,0,0,0,1
256,19,0,1,0,1,0,0,0,0,0,1,11,0,0,0,0,0,1,0,0,0,1,0,0,0,1,0,0,0,1,188,0,-25,1,0,0,0,1,0,0,0,1,0,0,0,1,0,0,0,1
257,19,7,1,0,1,0,0,0,0,0,1,0,0,0,25,-35,0,1,25,10,0,1,25,-10,0,1,0,0,0,1,0,0,0,1,0,0,0,1,0,0,0,1,0,0,0,1,0,0,0,1
258,8,7,1,0,1,1,0,0,1,1,0,0,0,0,0,0,0,1,0,0,0,1,77,30,5,1,0,0,0,1,0,0,0,1,0,0,0,1,77,20,-10,1,0,0,0,1,0,0,0,1
259,8,7,1,0,1,1,0,0,1,1,0,0,0,0,25,10,0,1,25,30,0,1,25,50,0,1,0,0,0,1,0,0,0,1,0,0,0,1,77,5,-10,1,0,0,0,1,26,35,5,1
260,8,7,1,0,1,1,0,0,1,1,0,0,0,0,0,0,0,1,0,0,0,1,77,45,25,1,0,0,0,1,0,0,0,1,0,0,0,1,83,10,-5,1,0,0,0,1,83,35,5,1
261,8,7,1,0,1,1,0,0,1,1,0,0,0,0,0,0,0,1,25,10,0,1,0,0,0,1,25,5,0,1,0,0,0,1,25,5,0,1,0,0,0,1,25,0,0,1,0,0,0,1
262,8,7,1,0,1,1,0,0,1,1,0,0,0,0,0,0,0,1,0,0,0,1,25,35,10,1,25,35,-10,1,0,0,0,1,0,0,0,1,0,0,0,1,83,15,-10,1,0,0,0,1
263,8,7,1,0,1,1,0,0,1,1,0,0,0,0,83,20,-5,1,0,0,0,1,83,35,5,1,0,0,0,1,0,0,0,1,0,0,0,1,26,10,-5,1,0,0,0,1,77,25,5,1
264,8,7,1,0,1,1,0,0,1,1,0,0,0,0,26,15,-5,1,0,0,0,1,26,20,5,1,0,0,0,1,0,0,0,1,0,0,0,1,0,0,0,1,26,15,5,1,0,0,0,1
265,19,7,1,0,1,1,0,0,1,1,0,0,0,0,0,0,0,1,0,0,0,1,0,0,0,1,101,10,-10,1,0,0,0,1,101,20,10,1,0,0,0,1,258,0,0,1,0,0,0,1
266,19,7,1,0,1,1,0,0,1,1,0,0,0,0,101,-5,0,1,101,15,0,1,101,35,0,1,0,0,0,1,0,0,0,1,0,0,0,1,0,0,0,1,258,0,0,1,0,0,0,1
267,19,7,1,0,1,1,0,0,1,1,0,0,0,0,91,0,-5,1,0,0,0,1,0,0,0,1,0,0,0,1,0,0,0,1,91,20,5,1,0,0,0,1,0,0,0,1,0,0,0,1
268,19,7,1,0,1,1,0,0,1,1,0,0,0,0,91,25,-5,1,0,0,0,1,91,25,5,1,0,0,0,1,0,0,0,1,0,0,0,1,0,0,0,1,91,15,0,1,0,0,0,1
269,19,7,1,0,1,1,0,0,1,1,0,0,0,0,91,20,-5,1,0,0,0,1,91,40,5,1,0,0,0,1,0,0,0,1,0,0,0,1,91,10,-5,1,0,0,0,1,91,30,5,1
270,19,7,1,0,1,1,0,0,1,1,0,0,0,0,91,10,-5,1,0,0,0,1,91,15,5,1,0,0,0,1,0,0,0,1,0,0,0,1,0,0,0,1,104,10,0,1,0,0,0,1
271,19,7,1,0,1,1,0,0,1,1,0,0,0,0,91,15,-5,1,0,0,0,1,91,35,5,1,0,0,0,1,0,0,0,1,0,0,0,1,104,10,-5,1,0,0,0,1,104,25,5,1
272,19,7,1,0,1,1,0,0,1,1,0,0,0,0,0,0,0,1,0,0,0,1,0,0,0,1,0,0,0,1,0,0,0,1,26,20,5,1,26,10,-5,1,0,0,0,1,0,0,0,1
273,19,7,1,0,1,1,0,0,1,1,0,0,0,0,0,0,0,1,26,40,-10,1,0,0,0,1,0,0,0,1,0,0,0,1,26,15,5,1,26,10,-5,1,0,0,0,1,0,0,0,1
274,19,7,1,0,1,1,0,0,1,1,0,0,0,0,0,0,0,1,0,0,0,1,0,0,0,1,0,0,0,1,231,0,0,1,0,0,0,1,0,0,0,1,0,0,0,1,0,0,0,1
275,19,7,1,0,1,1,0,0,1,1,0,0,0,0,83,25,-5,1,0,0,0,1,83,25,5,1,0,0,0,1,0,0,0,1,0,0,0,1,0,0,0,1,26,15,0,1,0,0,0,1
276,19,7,1,0,1,1,0,0,1,1,0,0,0,0,83,20,-5,1,0,0,0,1,83,35,5,1,0,0,0,1,0,0,0,1,0,0,0,1,26,10,-5,1,0,0,0,1,26,25,5,1
277,19,7,1,0,1,1,0,0,1,1,0,0,0,0,0,0,0,1,130,10,0,1,0,0,0,1,130,5,0,1,0,0,0,1,130,5,0,1,0,0,0,1,130,0,0,1,0,0,0,1
278,19,7,1,0,1,1,0,0,1,1,0,0,0,0,130,-5,0,1,130,25,0,1,130,55,0,1,0,0,0,1,0,0,0,1,0,0,0,1,130,-5,0,1,130,25,0,1,130,55,0,1
279,19,7,1,0,1,1,0,0,1,1,0,0,0,0,130,15,0,1,130,10,0,1,130,45,0,1,0,0,0,1,0,0,0,1,0,0,0,1,0,0,0,1,88,15,-15,1,0,0,0,1
280,19,7,1,0,1,1,0,0,1,1,0,0,0,0,0,0,0,1,0,0,0,1,0,0,0,1,0,0,0,1,88,0,-10,1,0,0,0,1,0,0,0,1,0,0,0,1,0,0,0,1
281,19,7,1,0,1,1,0,0,1,1,0,0,0,0,0,0,0,1,0,0,0,1,88,30,5,1,0,0,0,1,0,0,0,1,0,0,0,1,0,0,0,1,88,15,-5,1,0,0,0,1
282,19,7,1,0,1,1,0,0,1,1,0,0,0,0,0,0,0,1,88,20,-20,1,0,0,0,1,0,0,0,1,0,0,0,1,0,0,0,1,0,0,0,1,104,10,5,1,0,0,0,1
283,19,7,1,0,1,1,0,0,1,1,0,0,0,0,0,0,0,1,0,0,0,1,104,40,5,1,104,40,-5,1,0,0,0,1,0,0,0,1,0,0,0,1,88,15,-15,1,0,0,0,1
284,19,7,1,0,1,1,0,0,1,1,0,0,0,0,0,0,0,1,0,0,0,1,91,40,5,1,91,45,-5,1,0,0,0,1,0,0,0,1,0,0,0,1,88,15,-15,1,0,0,0,1
285,19,7,1,0,1,1,0,0,1,1,0,0,0,0,0,0,0,1,81,25,-20,1,0,0,0,1,0,0,0,1,0,0,0,1,0,0,0,1,0,0,0,1,93,15,-5,1,0,0,0,1
286,19,7,1,0,1,1,0,0,1,1,0,0,0,0,81,0,-5,1,0,0,0,1,0,0,0,1,0,0,0,1,0,0,0,1,81,0,5,1,0,0,0,1,0,0,0,1,0,0,0,1
287,19,7,1,0,1,1,0,0,1,1,0,0,0,0,0,0,0,1,0,0,0,1,93,30,10,1,0,0,0,1,0,0,0,1,0,0,0,1,0,0,0,1,93,15,0,1,0,0,0,1
288,19,7,1,0,1,0,0,0,0,0,1,0,0,0,0,0,0,1,0,0,0,1,0,0,0,1,0,0,0,1,0,0,0,1,0,0,0,1,268,0,0,1,0,0,0,1,0,0,0,1
289,19,7,1,0,1,0,0,0,0,0,1,0,0,0,0,0,0,1,0,0,0,1,0,0,0,1,0,0,0,1,0,0,0,1,0,0,0,1,270,0,0,1,0,0,0,1,0,0,0,1
290,19,7,1,0,1,0,0,0,0,0,1,0,0,0,0,0,0,1,0,0,0,1,0,0,0,1,0,0,0,1,0,0,0,1,0,0,0,1,136,0,0,1,0,0,0,1,0,0,0,1
291,19,7,1,0,1,0,0,0,0,0,1,0,0,0,0,0,0,1,0,0,0,1,0,0,0,1,0,0,0,1,0,0,0,1,0,0,0,1,269,0,0,1,0,0,0,1,0,0,0,1
297,19,7,1,0,1,1,0,0,1,1,0,0,0,0,0,0,0,1,0,0,0,1,95,10,5,1,232,-10,-5,1,0,0,0,1,0,0,0,1,0,0,0,1,0,0,0,1,0,0,0,1
298,19,7,1,0,1,1,0,0,1,1,0,0,0,0,232,15,-5,1,0,0,0,1,95,40,5,1,0,0,0,1,0,0,0,1,0,0,0,1,232,10,0,1,0,0,0,1,232,35,10,1
299,19,7,1,0,1,1,0,0,1,1,0,0,0,0,110,20,-5,1,0,0,0,1,110,40,5,1,0,0,0,1,0,0,0,1,0,0,0,1,95,10,-5,1,0,0,0,1,232,35,5,1
300,19,7,1,0,1,1,0,0,1,1,0,0,0,0,232,20,0,1,0,0,0,1,232,40,10,1,0,0,0,1,0,0,0,1,0,0,0,1,95,10,-5,1,0,0,0,1,232,35,5,1
301,19,7,1,0,1,1,0,0,1,1,0,0,0,0,0,0,0,1,0,0,0,1,0,0,0,1,0,0,0,1,133,0,-10,1,0,0,0,1,0,0,0,1,0,0,0,1,0,0,0,1
302,19,7,1,0,1,1,0,0,1,1,0,0,0,0,0,0,0,1,0,0,0,1,133,30,10,1,0,0,0,1,0,0,0,1,0,0,0,1,0,0,0,1,133,15,0,1,0,0,0,1
303,19,7,1,0,1,1,0,0,1,1,0,0,0,0,0,0,0,1,0,0,0,1,79,30,5,1,79,40,-5,1,0,0,0,1,0,0,0,1,0,0,0,1,133,15,-10,1,0,0,0,1
304,19,7,1,0,1,1,0,0,1,1,0,0,0,0,0,0,0,1,0,0,0,1,0,0,0,1,0,0,0,1,134,0,-10,1,0,0,0,1,0,0,0,1,0,0,0,1,0,0,0,1
305,19,7,1,0,1,1,0,0,1,1,0,0,0,0,79,20,-5,1,0,0,0,1,110,20,5,1,0,0,0,1,0,0,0,1,0,0,0,1,0,0,0,1,95,15,0,1,0,0,0,1
306,19,7,1,0,1,1,0,0,1,1,0,0,0,0,0,0,0,1,0,0,0,1,110,35,5,1,110,40,-5,1,0,0,0,1,0,0,0,1,0,0,0,1,133,15,-10,1,0,0,0,1
307,19,7,1,0,1,1,0,0,1,1,0,0,0,0,110,25,-5,1,0,0,0,1,110,25,5,1,0,0,0,1,0,0,0,1,0,0,0,1,0,0,0,1,260,0,-10,1,0,0,0,1
308,19,7,1,0,1,1,0,0,1,1,0,0,0,0,110,25,-5,1,0,0,0,1,110,25,5,1,0,0,0,1,0,0,0,1,0,0,0,1,0,0,0,1,263,0,-10,1,0,0,0,1
309,19,7,1,0,1,1,0,0,1,1,0,0,0,0,110,25,-5,1,0,0,0,1,110,25,5,1,0,0,0,1,0,0,0,1,0,0,0,1,0,0,0,1,260,0,-10,1,0,0,0,1
310,19,7,1,0,1,1,0,0,1,1,0,0,0,0,79,25,-5,1,0,0,0,1,79,45,5,1,0,0,0,1,0,0,0,1,63,20,10,1,63,-5,-20,1,0,0,0,1,0,0,0,1
311,19,7,1,0,1,1,0,0,1,1,0,0,0,0,0,0,0,1,0,0,0,1,79,35,5,1,79,30,-5,1,0,0,0,1,0,0,0,1,0,0,0,1,63,10,0,1,0,0,0,1
312,19,7,1,0,1,1,0,0,1,1,0,0,0,0,110,35,-5,1,0,0,0,1,110,55,5,1,0,0,0,1,63,25,-10,1,0,0,0,1,0,0,0,1,79,5,-10,1,0,0,0,1
313,8,7,1,0,1,1,0,0,1,1,0,0,0,0,0,0,0,1,0,0,0,1,0,0,0,1,0,0,0,1,114,0,-10,1,0,0,0,1,0,0,0,1,0,0,0,1,0,0,0,1
314,8,7,1,0,1,1,0,0,1,1,0,0,0,0,0,0,0,1,114,45,5,1,0,0,0,1,0,0,0,1,114,25,-20,1,0,0,0,1,0,0,0,1,18,5,0,1,0,0,0,1
315,8,7,1,0,1,1,0,0,1,1,0,0,0,0,0,0,0,1,0,0,0,1,0,0,0,1,0,0,0,1,18,45,0,1,0,0,0,1,0,0,0,1,0,0,0,1,18,15,10,1
316,8,7,1,0,1,1,0,0,1,1,0,0,0,0,0,0,0,1,24,10,0,1,0,0,0,1,24,5,0,1,0,0,0,1,24,5,0,1,0,0,0,1,24,0,0,1,0,0,0,1
317,8,7,1,0,1,1,0,0,1,1,0,0,0,0,0,0,0,1,119,20,-10,1,0,0,0,1,0,0,0,1,0,0,0,1,0,0,0,1,0,0,0,1,119,20,10,1,0,0,0,1
318,8,7,1,0,1,1,0,0,1,1,0,0,0,0,119,15,-5,1,0,0,0,1,24,20,10,1,0,0,0,1,0,0,0,1,0,0,0,1,119,10,-15,1,0,0,0,1,24,25,5,1
319,8,7,1,0,1,1,0,0,1,1,0,0,0,0,119,40,-25,1,0,0,0,1,0,0,0,1,119,20,-10,1,0,0,0,1,0,0,0,1,0,0,0,1,0,0,0,1,18,15,5,1
320,8,7,1,0,1,1,0,0,1,1,0,0,0,0,119,45,-15,1,0,0,0,1,24,50,5,1,119,25,-5,1,0,0,0,1,24,40,10,1,0,0,0,1,0,0,0,1,18,15,10,1
321,11,7,1,0,1,1,0,0,1,1,0,0,0,0,96,-10,0,1,96,10,5,1,96,30,10,1,0,0,0,1,0,0,0,1,0,0,0,1,125,10,-50,1,0,0,0,1,0,0,0,1
322,11,7,1,0,1,0,0,0,0,0,1,0,0,0,96,20,0,1,96,40,5,1,96,40,10,1,0,0,0,1,125,15,0,1,0,0,0,1,96,-10,0,1,96,-10,5,1,96,10,10,1
323,11,7,1,0,1,1,0,0,1,1,0,0,0,0,140,0,-5,1,0,0,0,1,0,0,0,1,0,0,0,1,0,0,0,1,140,10,5,1,0,0,0,1,0,0,0,1,0,0,0,1
324,11,7,1,0,1,1,0,0,1,1,0,0,0,0,140,30,-5,1,0,0,0,1,0,0,0,1,0,0,0,1,140,50,-35,1,0,0,0,1,0,0,0,1,140,15,0,1,0,0,0,1
325,11,7,1,0,1,1,0,0,1,1,0,0,0,0,0,0,0,1,85,35,-25,1,0,0,0,1,0,0,0,1,85,40,35,1,0,0,0,1,0,0,0,1,140,15,-10,1,0,0,0,1
326,11,7,1,0,1,1,0,0,1,1,0,0,0,0,85,-30,0,1,85,0,0,1,85,30,0,1,0,0,0,1,0,0,0,1,0,0,0,1,0,0,0,1,0,0,0,1,0,0,0,1
327,11,7,1,0,1,1,0,0,1,1,0,0,0,0,0,0,0,1,85,15,0,1,0,0,0,1,85,10,0,1,0,0,0,1,85,10,0,1,0,0,0,1,85,5,0,1,0,0,0,1
328,11,7,1,0,1,1,0,0,1,1,0,0,0,0,85,15,-5,1,0,0,0,1,126,20,5,1,0,0,0,1,0,0,0,1,0,0,0,1,0,0,0,1,140,15,-10,1,0,0,0,1
329,11,7,1,0,1,1,0,0,1,1,0,0,0,0,85,0,0,1,85,30,0,1,85,20,0,1,126,-20,-5,1,0,0,0,1,126,0,5,1,0,0,0,1,0,0,0,1,0,0,0,1
330,11,7,1,0,1,1,0,0,1,1,0,0,0,0,0,0,0,1,0,0,0,1,140,40,5,1,85,30,0,1,0,0,0,1,126,15,15,1,0,0,0,1,126,5,5,1,0,0,0,1
331,11,7,1,0,1,1,0,0,1,1,0,0,0,0,0,0,0,1,0,0,0,1,140,40,5,1,140,35,-5,1,0,0,0,1,0,0,0,1,0,0,0,1,114,10,-10,1,0,0,0,1
332,11,7,1,0,1,0,0,0,0,0,1,0,0,0,140,30,-5,1,0,0,0,1,140,30,5,1,0,0,0,1,126,5,-15,1,0,0,0,1,0,0,0,1,126,0,-5,1,0,0,0,1
333,10,7,1,0,1,1,0,0,1,1,0,0,0,0,116,15,-20,1,0,0,0,1,0,0,0,1,0,0,0,1,0,0,0,1,0,0,0,1,0,0,0,1,116,20,-15,1,0,0,0,1
334,10,7,1,0,1,1,0,0,1,1,0,0,0,0,0,0,0,1,116,45,-5,1,0,0,0,1,0,0,0,1,0,0,0,1,116,30,10,1,116,0,-20,1,0,0,0,1,0,0,0,1
336,10,7,1,0,1,1,0,0,1,1,0,0,0,0,0,0,0,1,0,0,0,1,0,0,0,1,0,0,0,1,40,0,0,1,0,0,0,1,0,0,0,1,0,0,0,1,0,0,0,1
337,10,7,1,0,1,1,0,0,1,1,0,0,0,0,40,25,-20,1,0,0,0,1,0,0,0,1,0,0,0,1,0,0,0,1,0,0,0,1,0,0,0,1,40,20,-10,1,0,0,0,1
338,10,7,1,0,1,1,0,0,1,1,0,0,0,0,76,0,-5,1,0,0,0,1,76,0,5,1,0,0,0,1,0,0,0,1,0,0,0,1,143,5,-5,1,0,0,0,1,143,5,5,1
339,10,7,1,0,1,1,0,0,1,1,0,0,0,0,76,30,-5,1,0,0,0,1,76,30,5,1,143,15,-5,1,0,0,0,1,143,15,5,1,143,5,-5,1,0,0,0,1,143,5,5,1
340,10,7,1,0,1,1,0,0,1,1,0,0,0,0,0,0,0,1,0,0,0,1,0,0,0,1,0,0,0,1,0,0,0,1,0,0,0,1,0,0,0,1,122,10,-10,1,0,0,0,1
341,10,7,1,0,1,1,0,0,1,1,0,0,0,0,0,0,0,1,0,0,0,1,0,0,0,1,0,0,0,1,0,0,0,1,0,0,0,1,0,0,0,1,264,10,-10,1,0,0,0,1
342,10,7,1,0,1,1,0,0,1,1,0,0,0,0,0,0,0,1,0,0,0,1,0,0,0,1,0,0,0,1,0,0,0,1,0,0,0,1,0,0,0,1,266,10,-10,1,0,0,0,1
343,10,7,1,0,1,1,0,0,1,1,0,0,0,0,0,0,0,1,0,0,0,1,0,0,0,1,0,0,0,1,0,0,0,1,0,0,0,1,0,0,0,1,265,10,-10,1,0,0,0,1
344,10,7,1,0,1,1,0,0,1,1,0,0,0,0,0,0,0,1,0,0,0,1,0,0,0,1,0,0,0,1,0,0,0,1,0,0,0,1,0,0,0,1,267,10,-10,1,0,0,0,1
345,10,7,1,0,1,1,0,0,1,1,0,0,0,0,0,0,0,1,0,0,0,1,0,0,0,1,0,0,0,1,103,10,-10,1,0,0,0,1,0,0,0,1,0,0,0,1,0,0,0,1
346,10,7,1,0,1,1,0,0,1,1,0,0,0,0,0,0,0,1,103,20,0,1,0,0,0,1,0,0,0,1,0,0,0,1,0,0,0,1,0,0,0,1,103,10,-20,1,0,0,0,1
347,10,7,1,0,1,1,0,0,1,1,0,0,0,0,0,0,0,1,0,0,0,1,0,0,0,1,0,0,0,1,158,0,-30,1,0,0,0,1,0,0,0,1,0,0,0,1,0,0,0,1
348,10,7,1,0,1,1,0,0,1,1,0,0,0,0,0,0,0,1,158,20,-30,1,0,0,0,1,0,0,0,1,158,-10,-30,1,0,0,0,1,0,0,0,1,0,0,0,1,0,0,0,1
349,9,7,1,0,1,0,0,0,0,0,1,0,0,0,0,0,0,1,0,0,0,1,0,0,0,1,0,0,0,1,0,0,0,1,0,0,0,1,0,0,0,1,124,20,-15,1,0,0,0,1
351,9,7,1,0,1,0,0,0,0,0,1,0,0,0,0,0,0,1,0,0,0,1,0,0,0,1,0,0,0,1,0,0,0,1,0,0,0,1,0,0,0,1,248,20,-15,1,0,0,0,1
353,9,7,1,0,1,1,0,0,1,1,0,0,0,0,0,0,0,1,120,15,0,1,0,0,0,1,120,10,0,1,0,0,0,1,120,10,0,1,0,0,0,1,120,5,0,1,0,0,0,1
354,9,7,1,0,1,1,0,0,1,1,0,0,0,0,0,0,0,1,120,35,10,1,0,0,0,1,0,0,0,1,120,20,-20,1,0,0,0,1,0,0,0,1,120,10,20,1,0,0,0,1
355,9,7,1,0,1,1,0,0,1,1,0,0,0,0,120,15,0,1,0,0,0,1,120,10,25,1,0,0,0,1,0,0,0,1,0,0,0,1,70,15,10,1,0,0,0,1,120,20,20,1
356,9,7,1,0,1,1,0,0,1,1,0,0,0,0,120,55,10,1,120,45,10,1,120,35,10,1,70,20,10,1,0,0,0,1,0,0,0,1,120,-5,10,1,120,20,10,1,120,45,10,1
357,9,7,1,0,1,1,0,0,1,1,0,0,0,0,120,50,-15,1,0,0,0,1,120,20,10,1,70,25,10,1,0,0,0,1,0,0,0,1,70,5,10,1,0,0,0,1,120,25,20,1
359,9,7,1,0,1,1,0,0,1,1,0,0,0,0,0,0,0,1,75,10,10,1,0,0,0,1,0,0,0,1,0,0,0,1,0,0,0,1,0,0,0,1,75,15,-20,1,0,0,0,1
360,9,7,1,0,1,1,0,0,1,1,0,0,0,0,0,0,0,1,127,20,0,1,0,0,0,1,0,0,0,1,0,0,0,1,0,0,0,1,0,0,0,1,75,15,-20,1,0,0,0,1
361,9,7,1,0,1,1,0,0,1,1,0,0,0,0,0,0,0,1,80,0,10,1,0,0,0,1,0,0,0,1,0,0,0,1,0,0,0,1,0,0,0,1,80,15,-10,1,0,0,0,1
362,9,7,1,0,1,1,0,0,1,1,0,0,0,0,0,0,0,1,80,10,0,1,0,0,0,1,0,0,0,1,0,0,0,1,0,0,0,1,0,0,0,1,75,10,10,1,0,0,0,1
363,9,7,1,0,1,1,0,0,1,1,0,0,0,0,0,0,0,1,75,45,-20,1,0,0,0,1,0,0,0,1,75,25,-10,1,0,0,0,1,0,0,0,1,80,5,5,1,0,0,0,1
369,13,7,1,0,1,1,0,0,1,1,0,0,0,0,0,0,0,1,131,25,0,1,0,0,0,1,131,15,0,1,0,0,0,1,128,15,10,1,0,0,0,1,128,0,10,1,0,0,0,1
370,13,7,1,0,1,1,0,0,1,1,0,0,0,0,107,10,-10,1,0,0,0,1,107,10,10,1,0,0,0,1,0,0,0,1,0,0,0,1,0,0,0,1,144,15,0,1,0,0,0,1
371,13,7,1,0,1,1,0,0,1,1,0,0,0,0,107,40,-5,1,0,0,0,1,144,30,0,1,128,25,-20,1,0,0,0,1,0,0,0,1,128,15,0,1,0,0,0,1,144,10,10,1
372,13,7,1,0,1,1,0,0,1,1,0,0,0,0,0,0,0,1,0,0,0,1,144,25,0,1,144,20,0,1,0,0,0,1,0,0,0,1,0,0,0,1,154,5,0,1,0,0,0,1
373,13,7,1,0,1,1,0,0,1,1,0,0,0,0,131,20,-5,1,0,0,0,1,0,0,0,1,0,0,0,1,154,10,0,1,0,0,0,1,0,0,0,1,0,0,0,1,131,10,5,1
374,13,7,1,0,1,1,0,0,1,1,0,0,0,0,154,15,-20,1,0,0,0,1,0,0,0,1,154,0,-70,1,0,0,0,1,0,0,0,1,144,0,-5,1,0,0,0,1,0,0,0,1
375,12,7,1,0,1,1,0,0,1,1,0,0,0,0,144,20,0,1,0,0,0,1,154,15,0,1,0,0,0,1,0,0,0,1,0,0,0,1,0,0,0,1,115,15,0,1,0,0,0,1
376,13,7,1,0,1,1,0,0,1,1,0,0,0,0,0,0,0,1,0,0,0,1,115,30,10,1,0,0,0,1,0,0,0,1,0,0,0,1,0,0,0,1,115,15,0,1,0,0,0,1
385,12,7,1,0,1,1,0,0,1,1,0,0,0,0,0,0,0,1,0,0,0,1,0,0,0,1,0,0,0,1,152,0,0,1,0,0,0,1,0,0,0,1,0,0,0,1,0,0,0,1
386,12,7,1,0,1,1,0,0,1,1,0,0,0,0,0,0,0,1,139,10,-15,1,0,0,0,1,0,0,0,1,0,0,0,1,0,0,0,1,0,0,0,1,152,10,0,1,0,0,0,1
387,12,7,1,0,1,1,0,0,1,1,0,0,0,0,0,0,0,1,0,0,0,1,139,25,5,1,139,25,-5,1,0,0,0,1,0,0,0,1,0,0,0,1,152,10,0,1,0,0,0,1
388,12,7,1,0,1,1,0,0,1,1,0,0,0,0,0,0,0,1,0,0,0,1,0,0,0,1,0,0,0,1,0,0,0,1,147,25,10,1,0,0,0,1,0,0,0,1,0,0,0,1
389,12,7,1,0,1,1,0,0,1,1,0,0,0,0,0,0,0,1,0,0,0,1,147,35,10,1,0,0,0,1,0,0,0,1,139,10,5,1,152,0,-5,1,0,0,0,1,0,0,0,1
390,12,7,1,0,1,0,0,0,0,0,1,0,0,0,0,0,0,1,0,0,0,1,147,30,10,1,0,0,0,1,0,0,0,1,147,-10,10,1,0,0,0,1,0,0,0,1,0,0,0,1
391,12,7,1,0,1,1,0,0,1,1,0,0,0,0,0,0,0,1,0,0,0,1,147,30,10,1,0,0,0,1,0,0,0,1,152,0,5,1,152,0,-5,1,0,0,0,1,0,0,0,1
392,12,7,1,0,1,1,0,0,1,1,0,0,0,0,0,0,0,1,0,0,0,1,0,0,0,1,0,0,0,1,54,0,-10,1,0,0,0,1,0,0,0,1,0,0,0,1,0,0,0,1
393,12,7,1,0,1,1,0,0,1,1,0,0,0,0,0,0,0,1,0,0,0,1,0,0,0,1,0,0,0,1,141,0,-25,1,0,0,0,1,0,0,0,1,0,0,0,1,0,0,0,1
394,12,7,1,0,1,1,0,0,1,1,0,0,0,0,0,0,0,1,54,20,-20,1,0,0,0,1,0,0,0,1,0,0,0,1,0,0,0,1,0,0,0,1,152,10,10,1,0,0,0,1
395,12,7,1,0,1,1,0,0,1,1,0,0,0,0,0,0,0,1,157,20,-25,1,0,0,0,1,0,0,0,1,0,0,0,1,0,0,0,1,0,0,0,1,157,20,-25,1,0,0,0,1
396,12,7,1,0,1,1,0,0,1,1,0,0,0,0,0,0,0,1,0,0,0,1,152,25,5,1,152,25,-5,1,0,0,0,1,0,0,0,1,0,0,0,1,152,10,0,1,0,0,0,1
397,12,7,1,0,1,1,0,0,1,1,0,0,0,0,0,0,0,1,0,0,0,1,0,0,0,1,0,0,0,1,156,20,0,1,0,0,0,1,0,0,0,1,0,0,0,1,0,0,0,1
398,12,7,1,0,1,1,0,0,1,1,0,0,0,0,0,0,0,1,0,0,0,1,0,0,0,1,149,10,-20,1,0,0,0,1,0,0,0,1,0,0,0,1,0,0,0,1,0,0,0,1
399,12,7,1,0,1,1,0,0,1,1,0,0,0,0,156,10,-5,1,0,0,0,1,0,0,0,1,0,0,0,1,0,0,0,1,156,10,5,1,0,0,0,1,0,0,0,1,0,0,0,1
400,12,7,1,0,1,1,0,0,1,1,0,0,0,0,0,0,0,1,147,20,-25,1,0,0,0,1,0,0,0,1,0,0,0,1,0,0,0,1,0,0,0,1,141,15,-25,1,0,0,0,1
401,12,7,1,0,1,1,0,0,1,1,0,0,0,0,149,10,-10,1,0,0,0,1,0,0,0,1,0,0,0,1,149,-10,-10,1,0,0,0,1,0,0,0,1,0,0,0,1,0,0,0,1
402,12,7,1,0,1,1,0,0,1,1,0,0,0,0,0,0,0,1,0,0,0,1,0,0,0,1,0,0,0,1,82,10,0,1,0,0,0,1,0,0,0,1,0,0,0,1,0,0,0,1
403,12,7,1,0,1,1,0,0,1,1,0,0,0,0,0,0,0,1,0,0,0,1,0,0,0,1,0,0,0,1,157,0,-25,1,0,0,0,1,0,0,0,1,0,0,0,1,0,0,0,1
404,12,7,1,0,1,1,0,0,1,1,0,0,0,0,0,0,0,1,141,20,-25,1,0,0,0,1,0,0,0,1,0,0,0,1,0,0,0,1,0,0,0,1,157,20,-25,1,0,0,0,1
405,12,7,1,0,1,1,0,0,1,1,0,0,0,0,0,0,0,1,0,0,0,1,0,0,0,1,0,0,0,1,33,0,0,1,0,0,0,1,0,0,0,1,0,0,0,1,0,0,0,1
407,12,7,1,0,1,0,0,0,0,0,1,0,0,0,0,0,0,1,0,0,0,1,0,0,0,1,135,15,5,1,135,40,0,1,135,30,-5,1,135,0,-10,1,0,0,0,1,135,15,10,1
409,12,12,1,0,1,0,0,0,0,0,1,0,0,0,0,0,0,1,0,0,0,1,0,0,0,1,0,0,0,1,161,30,0,1,0,0,0,1,0,0,0,1,0,0,0,1,0,0,0,1
410,14,12,1,0,1,1,0,0,1,1,0,0,0,0,0,0,0,1,0,0,0,1,0,0,0,1,0,0,0,1,160,20,0,1,0,0,0,1,0,0,0,1,0,0,0,1,0,0,0,1
411,14,12,1,0,1,1,0,0,1,1,0,0,0,0,0,0,0,1,0,0,0,1,160,20,5,1,160,0,-5,1,0,0,0,1,0,0,0,1,0,0,0,1,0,0,0,1,0,0,0,1
412,14,12,1,0,1,1,0,0,1,1,0,0,0,0,0,0,0,1,0,0,0,1,161,20,5,1,160,-10,-5,1,0,0,0,1,0,0,0,1,0,0,0,1,0,0,0,1,0,0,0,1
413,14,12,1,0,1,1,0,0,1,1,0,0,0,0,0,0,0,1,0,0,0,1,0,0,0,1,0,0,0,1,145,10,-10,1,0,0,0,1,0,0,0,1,0,0,0,1,0,0,0,1
414,14,12,1,0,1,1,0,0,1,1,0,0,0,0,161,0,-5,1,0,0,0,1,0,0,0,1,0,0,0,1,0,0,0,1,161,10,5,1,0,0,0,1,0,0,0,1,0,0,0,1
415,14,12,1,0,1,1,0,0,1,1,0,0,0,0,0,0,0,1,145,20,0,1,0,0,0,1,0,0,0,1,0,0,0,1,0,0,0,1,0,0,0,1,145,10,-30,1,0,0,0,1
416,14,12,1,0,1,1,0,0,1,1,0,0,0,0,0,0,0,1,160,40,-5,1,0,0,0,1,160,0,10,1,0,0,0,1,0,0,0,1,0,0,0,1,0,0,0,1,160,35,0,1
418,14,12,1,0,1,1,0,0,1,1,0,0,0,0,0,0,0,1,0,0,0,1,0,0,0,1,0,0,0,1,129,10,-10,1,0,0,0,1,0,0,0,1,0,0,0,1,0,0,0,1
419,14,12,1,0,1,1,0,0,1,1,0,0,0,0,0,0,0,1,0,0,0,1,0,0,0,1,0,0,0,1,132,10,-10,1,0,0,0,1,0,0,0,1,0,0,0,1,0,0,0,1
420,14,12,1,0,1,1,0,0,1,1,0,0,0,0,0,0,0,1,0,0,0,1,0,0,0,1,0,0,0,1,161,30,0,1,0,0,0,1,0,0,0,1,0,0,0,1,0,0,0,1
424,14,35,1,0,1,0,0,0,0,0,1,13,0,0,211,0,0,1,211,30,0,1,211,15,0,1,0,0,0,1,0,0,0,1,0,0,0,1,179,15,0,1,179,0,0,1,179,30,0,1
425,14,0,1,1023,1,0,0,0,0,0,1,13,0,0,0,0,0,1,0,0,0,1,0,30,5,1,0,0,0,1,181,-10,-30,1,0,0,0,1,0,0,0,1,0,0,0,1,0,0,0,1
426,19,35,1,0,1,0,0,0,0,0,1,13,0,0,0,0,0,1,0,0,0,1,0,0,0,1,0,0,0,1,0,0,0,1,184,30,10,1,0,0,0,1,0,0,0,1,183,20,10,1
430,10,12,1,0,1,0,0,0,0,0,1,13,0,0,0,0,0,1,0,0,0,1,0,0,0,1,0,0,0,1,190,0,-25,1,0,0,0,1,0,0,0,1,0,0,0,1,0,0,0,1
431,12,12,1,0,1,0,0,0,0,0,1,13,0,0,0,0,0,1,0,0,0,1,0,0,0,1,0,0,0,1,191,0,-10,1,0,0,0,1,0,0,0,1,0,0,0,1,0,0,0,1
432,9,20,1,0,1,0,0,0,0,0,1,13,0,0,0,0,0,1,0,0,0,1,0,0,0,1,0,0,0,1,192,8,-50,1,0,0,0,1,0,0,0,1,0,0,0,1,0,0,0,1
433,10,12,1,0,1,0,0,0,0,0,1,13,0,0,0,0,0,1,0,0,0,1,0,0,0,1,0,0,0,1,193,0,-15,1,0,0,0,1,0,0,0,1,0,0,0,1,0,0,0,1
434,19,27,1,0,1,0,0,0,0,0,1,0,0,0,0,0,0,1,0,0,0,1,0,0,0,1,0,0,0,1,194,0,-10,1,0,0,0,1,0,0,0,1,0,0,0,1,0,0,0,1
436,14,12,1,1025,1,0,0,0,0,0,1,5,0,0,0,0,0,1,200,0,-30,1,0,0,0,1,0,0,0,1,0,0,0,1,0,0,0,1,0,0,0,1,0,0,0,1,0,0,0,1
437,14,0,1,1026,1,0,0,0,0,0,1,6,0,0,0,0,0,1,0,0,0,1,0,0,0,1,0,0,0,1,217,10,-20,1,0,0,0,1,0,0,0,1,0,0,0,1,0,0,0,1
438,19,12,1,0,1,0,0,0,0,0,1,13,0,0,0,0,0,1,0,0,0,1,0,0,0,1,0,0,0,1,0,0,0,1,185,0,20,1,0,0,0,1,0,0,0,1,0,0,0,1
439,14,22,1,0,1,0,0,0,0,0,1,0,0,0,0,0,0,1,0,0,0,1,0,0,0,1,0,0,0,1,274,-20,-25,1,0,0,0,1,0,0,0,1,0,0,0,1,0,0,0,1
440,23,0,1,0,1,0,0,0,0,0,1,7,0,0,0,0,0,1,0,0,0,1,0,0,0,1,0,0,0,1,201,10,-20,1,0,0,0,1,0,0,0,1,0,0,0,1,0,0,0,1
444,12,7,1,0,1,1,0,0,1,1,0,0,0,0,0,0,0,1,131,10,0,1,0,0,0,1,131,5,0,1,0,0,0,1,131,5,0,1,0,0,0,1,131,0,0,1,0,0,0,1
445,12,7,1,0,1,1,0,0,1,1,0,0,0,0,0,0,0,1,131,20,10,1,131,10,5,1,0,0,0,1,107,15,15,1,107,5,10,1,0,0,0,1,0,0,0,1,0,0,0,1
446,13,7,1,0,1,1,0,0,1,1,0,0,0,0,0,0,0,1,106,20,10,1,106,10,5,1,0,0,0,1,107,15,10,1,107,5,5,1,0,0,0,1,0,0,0,1,0,0,0,1
447,13,7,1,0,1,1,0,0,1,1,0,0,0,0,0,0,0,1,131,10,-20,1,0,0,0,1,0,0,0,1,130,20,25,1,0,0,0,1,0,0,0,1,29,10,0,1,0,0,0,1
448,12,7,1,0,1,1,0,0,1,1,0,0,0,0,107,20,0,1,107,20,0,1,107,35,0,1,0,0,0,1,0,0,0,1,0,0,0,1,0,0,0,1,115,20,-10,1,0,0,0,1
449,17,7,1,0,1,0,0,0,0,0,1,0,0,0,50,30,-5,1,0,0,0,1,50,45,5,1,50,25,-5,1,0,0,0,1,50,40,5,1,148,5,-45,1,0,0,0,1,0,0,0,1
450,17,7,1,0,1,0,0,0,0,0,1,0,0,0,110,25,-5,1,0,0,0,1,110,25,5,1,0,0,0,1,0,0,0,1,0,0,0,1,0,0,0,1,60,20,0,1,0,0,0,1
451,17,7,1,0,1,0,0,0,0,0,1,0,0,0,0,0,0,1,100,35,-10,1,0,0,0,1,0,0,0,1,100,20,0,1,0,0,0,1,0,0,0,1,100,5,10,1,0,0,0,1
452,19,7,1,0,1,0,0,0,0,0,1,0,0,0,0,0,0,1,0,0,0,1,0,0,0,1,0,0,0,1,236,20,0,1,0,0,0,1,0,0,0,1,0,0,0,1,0,0,0,1
453,19,7,1,0,1,1,0,0,1,1,0,0,0,0,0,0,0,1,100,45,0,1,0,0,0,1,0,0,0,1,100,25,30,1,100,35,5,1,0,0,0,1,100,5,0,1,0,0,0,1
455,2,7,1,0,1,0,0,0,0,0,1,0,0,0,0,0,0,1,0,0,0,1,148,30,10,1,0,0,0,1,0,0,0,1,0,0,0,1,0,0,0,1,148,15,0,1,0,0,0,1
456,20,7,1,0,1,0,0,0,0,0,1,0,0,0,0,0,0,1,0,0,0,1,0,0,0,1,109,-10,0,1,0,0,0,1,0,0,0,1,0,0,0,1,0,0,0,1,0,0,0,1
473,8,7,1,0,1,1,0,0,1,1,0,0,0,0,73,35,-10,1,0,0,0,1,117,40,5,1,73,20,0,1,0,0,0,1,117,35,10,1,18,0,-45,1,0,0,0,1,0,0,0,1
474,8,7,1,0,1,1,0,0,1,1,0,0,0,0,0,0,0,1,93,40,0,1,0,0,0,1,0,0,0,1,0,0,0,1,92,10,5,1,81,10,-5,1,0,0,0,1,0,0,0,1
475,8,7,1,0,1,1,0,0,1,1,0,0,0,0,0,0,0,1,0,0,0,1,110,40,5,1,0,0,0,1,110,40,30,1,0,0,0,1,0,0,0,1,112,10,-10,1,0,0,0,1
476,8,7,1,0,1,1,0,0,1,1,0,0,0,0,0,0,0,1,0,0,0,1,0,0,0,1,0,0,0,1,231,0,0,1,0,0,0,1,0,0,0,1,0,0,0,1,0,0,0,1
477,8,7,1,0,1,1,0,0,1,1,0,0,0,0,0,0,0,1,0,0,0,1,0,0,0,1,0,0,0,1,232,0,0,1,0,0,0,1,0,0,0,1,0,0,0,1,0,0,0,1
478,8,7,1,0,1,1,0,0,1,1,0,0,0,0,0,0,0,1,0,0,0,1,0,0,0,1,0,0,0,1,233,0,0,1,0,0,0,1,0,0,0,1,0,0,0,1,0,0,0,1
479,8,7,1,0,1,1,0,0,1,1,0,0,0,0,0,0,0,1,0,0,0,1,0,0,0,1,0,0,0,1,234,0,0,1,0,0,0,1,0,0,0,1,0,0,0,1,0,0,0,1
480,8,7,1,0,1,1,0,0,1,1,0,0,0,0,0,0,0,1,0,0,0,1,0,0,0,1,0,0,0,1,235,0,0,1,0,0,0,1,0,0,0,1,0,0,0,1,0,0,0,1
481,19,7,1,0,1,1,0,0,1,1,0,0,0,0,0,0,0,1,0,0,0,1,0,0,0,1,0,0,0,1,0,0,0,1,0,0,0,1,268,0,0,1,0,0,0,1,0,0,0,1
482,19,7,1,0,1,1,0,0,1,1,0,0,0,0,0,0,0,1,0,0,0,1,0,0,0,1,0,0,0,1,0,0,0,1,0,0,0,1,270,0,0,1,0,0,0,1,0,0,0,1
483,19,7,1,0,1,1,0,0,1,1,0,0,0,0,0,0,0,1,0,0,0,1,0,0,0,1,0,0,0,1,0,0,0,1,0,0,0,1,136,0,0,1,0,0,0,1,0,0,0,1
484,19,7,1,0,1,1,0,0,1,1,0,0,0,0,0,0,0,1,0,0,0,1,0,0,0,1,0,0,0,1,0,0,0,1,0,0,0,1,269,0,0,1,0,0,0,1,0,0,0,1
485,10,7,1,0,1,0,0,0,0,0,1,0,0,0,76,45,-40,1,0,0,0,1,0,0,0,1,76,20,-5,1,0,0,0,1,76,35,5,1,76,0,-5,1,0,0,0,1,76,15,5,1
486,11,7,1,0,1,1,0,0,1,1,0,0,0,0,96,20,0,1,96,40,5,1,96,40,10,1,0,0,0,1,125,15,0,1,0,0,0,1,96,-10,0,1,96,-10,5,1,96,10,10,1
487,11,7,1,0,1,0,0,0,0,0,1,0,0,0,85,-10,0,1,85,20,0,1,85,10,0,1,0,0,0,1,0,0,0,1,0,0,0,1,85,20,0,1,85,5,0,1,85,35,0,1
488,11,7,1,0,1,1,0,0,1,1,0,0,0,0,126,5,-5,1,0,0,0,1,126,25,5,1,0,0,0,1,0,0,0,1,0,0,0,1,140,10,-5,1,0,0,0,1,140,30,5,1
489,11,7,1,0,1,0,0,0,0,0,1,0,0,0,140,15,-5,1,0,0,0,1,140,40,5,1,0,0,0,1,0,0,0,1,0,0,0,1,140,10,-5,1,0,0,0,1,140,35,5,1
490,11,7,1,0,1,0,0,0,0,0,1,0,0,0,0,0,0,1,114,10,10,1,0,0,0,1,0,0,0,1,0,0,0,1,0,0,0,1,0,0,0,1,114,10,-20,1,0,0,0,1
491,12,7,1,0,1,0,0,0,0,0,1,0,0,0,144,10,-5,1,0,0,0,1,144,10,5,1,0,0,0,1,0,0,0,1,0,0,0,1,154,15,-5,1,0,0,0,1,154,15,5,1
492,12,7,1,0,1,1,0,0,1,1,0,0,0,0,0,0,0,1,0,0,0,1,147,20,10,1,0,0,0,1,0,0,0,1,0,0,0,1,0,0,0,1,0,0,0,1,147,20,10,1
493,12,7,1,0,1,0,0,0,0,0,1,0,0,0,139,20,-5,1,0,0,0,1,139,20,5,1,0,0,0,1,0,0,0,1,0,0,0,1,152,20,-5,1,0,0,0,1,152,20,5,1
494,12,7,1,0,1,0,0,0,0,0,1,0,0,0,0,0,0,1,139,50,0,1,0,0,0,1,0,0,0,1,139,30,25,1,139,35,5,1,0,0,0,1,152,10,0,1,0,0,0,1
495,12,7,1,0,1,0,0,0,0,0,1,0,0,0,0,0,0,1,0,0,0,1,156,10,5,1,160,-10,-5,1,0,0,0,1,0,0,0,1,0,0,0,1,0,0,0,1,0,0,0,1
497,12,7,1,0,1,0,0,0,0,0,1,0,0,0,0,0,0,1,0,0,0,1,0,0,0,1,0,0,0,1,161,20,0,1,0,0,0,1,0,0,0,1,0,0,0,1,0,0,0,1
498,12,7,1,0,1,0,0,0,0,0,1,0,0,0,160,10,-5,1,0,0,0,1,0,0,0,1,0,0,0,1,0,0,0,1,160,10,5,1,0,0,0,1,0,0,0,1,0,0,0,1
499,12,7,1,0,1,0,0,0,0,0,1,0,0,0,0,0,0,1,82,15,-15,1,0,0,0,1,0,0,0,1,0,0,0,1,0,0,0,1,0,0,0,1,152,10,5,1,0,0,0,1
500,14,7,1,0,1,1,0,0,1,1,0,0,0,0,0,0,0,1,0,0,0,1,0,0,0,1,0,0,0,1,161,20,0,1,0,0,0,1,0,0,0,1,0,0,0,1,0,0,0,1
501,14,7,1,0,1,1,0,0,1,1,0,0,0,0,0,0,0,1,0,0,0,1,0,0,0,1,0,0,0,1,161,20,0,1,0,0,0,1,0,0,0,1,0,0,0,1,0,0,0,1
507,14,27,1,0,1,0,0,0,0,0,1,13,0,0,0,0,0,1,0,0,0,1,0,0,0,1,0,0,0,1,155,0,-25,1,0,0,0,1,0,0,0,1,0,0,0,1,0,0,0,1
508,12,27,1,0,1,0,0,0,0,0,1,13,0,0,0,0,0,1,0,0,0,1,0,0,0,1,0,0,0,1,159,10,-10,1,0,0,0,1,0,0,0,1,0,0,0,1,0,0,0,1
509,12,27,1,0,1,0,0,0,0,0,1,13,0,0,0,0,0,1,0,0,0,1,0,0,0,1,0,0,0,1,153,10,-10,1,0,0,0,1,0,0,0,1,0,0,0,1,0,0,0,1
510,12,27,1,0,1,0,0,0,0,0,1,13,0,0,0,0,0,1,150,25,-20,1,0,0,0,1,0,0,0,1,0,0,0,1,0,0,0,1,0,0,0,1,150,20,0,1,0,0,0,1
511,12,27,1,0,1,0,0,0,0,0,1,13,0,0,0,0,0,1,0,0,0,1,0,0,0,1,0,0,0,1,108,0,0,1,0,0,0,1,0,0,0,1,0,0,0,1,0,0,0,1
513,19,7,1,0,1,1,0,0,1,1,0,0,0,0,0,0,0,1,25,10,0,1,0,0,0,1,25,5,0,1,0,0,0,1,25,5,0,1,0,0,0,1,25,0,0,1,0,0,0,1
514,19,7,1,0,1,1,0,0,1,1,0,0,0,0,0,0,0,1,0,0,0,1,25,35,10,1,25,35,-10,1,0,0,0,1,0,0,0,1,0,0,0,1,83,15,-10,1,0,0,0,1
515,12,7,1,0,1,1,0,0,1,1,0,0,0,0,131,20,-5,1,0,0,0,1,0,0,0,1,0,0,0,1,154,10,0,1,0,0,0,1,0,0,0,1,0,0,0,1,131,10,5,1
516,12,7,1,0,1,1,0,0,1,1,0,0,0,0,0,0,0,1,131,10,-20,1,0,0,0,1,0,0,0,1,130,20,25,1,0,0,0,1,0,0,0,1,29,10,0,1,0,0,0,1
517,12,7,1,0,1,1,0,0,1,1,0,0,0,0,0,0,0,1,106,20,10,1,106,10,5,1,0,0,0,1,107,15,10,1,107,5,5,1,0,0,0,1,0,0,0,1,0,0,0,1
518,12,7,1,0,1,1,0,0,1,1,0,0,0,0,0,0,0,1,0,0,0,1,144,25,0,1,144,20,0,1,0,0,0,1,0,0,0,1,0,0,0,1,154,5,0,1,0,0,0,1
519,12,7,1,0,1,1,0,0,1,1,0,0,0,0,154,15,-20,1,0,0,0,1,0,0,0,1,154,0,-70,1,0,0,0,1,0,0,0,1,144,0,-5,1,0,0,0,1,0,0,0,1
520,12,7,1,0,1,1,0,0,1,1,0,0,0,0,0,0,0,1,0,0,0,1,115,30,10,1,0,0,0,1,0,0,0,1,0,0,0,1,0,0,0,1,115,15,0,1,0,0,0,1
521,2,7,1,0,1,1,0,0,1,1,0,0,0,0,0,0,0,1,1,15,-10,1,0,0,0,1,0,0,0,1,1,15,20,1,0,0,0,1,0,0,0,1,1,5,5,1,0,0,0,1
522,2,7,1,0,1,1,0,0,1,1,0,0,0,0,1,-10,0,1,1,25,0,1,1,0,0,1,0,0,0,1,0,0,0,1,0,0,0,1,0,0,0,1,8,10,0,1,0,0,0,1
523,2,7,1,0,1,1,0,0,1,1,0,0,0,0,1,-25,0,1,1,20,0,1,1,-15,0,1,0,0,0,1,0,0,0,1,0,0,0,1,0,0,0,1,1,5,0,1,0,0,0,1
524,2,7,1,0,1,1,0,0,1,1,0,0,0,0,11,5,-10,1,0,0,0,1,5,20,15,1,11,-25,-20,1,0,0,0,1,5,0,5,1,0,0,0,1,0,0,0,1,0,0,0,1
525,2,7,1,0,1,1,0,0,1,1,0,0,0,0,1,-5,0,1,1,25,0,1,1,10,0,1,0,0,0,1,0,0,0,1,0,0,0,1,1,10,0,1,1,0,0,1,1,25,0,1
526,6,7,1,0,1,1,0,0,1,1,0,0,0,0,0,0,0,1,27,30,-30,1,0,0,0,1,0,0,0,1,0,0,0,1,0,0,0,1,0,0,0,1,27,20,5,1,0,0,0,1
527,2,7,1,0,1,1,0,0,1,1,0,0,0,0,0,0,0,1,13,35,-25,1,0,0,0,1,0,0,0,1,0,0,0,1,0,0,0,1,0,0,0,1,13,30,0,1,0,0,0,1
528,2,7,1,0,1,1,0,0,1,1,0,0,0,0,0,0,0,1,12,25,-25,1,0,0,0,1,0,0,0,1,0,0,0,1,0,0,0,1,0,0,0,1,13,25,0,1,0,0,0,1
529,6,7,1,0,1,1,0,0,1,1,0,0,0,0,37,20,0,1,0,0,0,1,37,40,10,1,0,0,0,1,0,0,0,1,0,0,0,1,38,10,-30,1,0,0,0,1,0,0,0,1
530,6,7,1,0,1,1,0,0,1,1,0,0,0,0,37,-10,5,1,0,0,0,1,37,25,10,1,0,0,0,1,0,0,0,1,0,0,0,1,37,0,-30,1,0,0,0,1,0,0,0,1
531,6,7,1,0,1,1,0,0,1,1,0,0,0,0,0,0,0,1,0,0,0,1,0,0,0,1,86,20,-5,1,86,25,-25,1,0,0,0,1,87,5,-15,1,87,10,-30,1,0,0,0,1
532,7,7,1,0,1,1,0,0,1,1,0,0,0,0,61,10,0,1,61,0,0,1,61,25,0,1,0,0,0,1,0,0,0,1,0,0,0,1,0,0,0,1,67,10,0,1,0,0,0,1
533,7,7,1,0,1,1,0,0,1,1,0,0,0,0,0,0,0,1,0,0,0,1,61,35,10,1,0,0,0,1,61,45,25,1,0,0,0,1,0,0,0,1,62,15,0,1,0,0,0,1
534,2,7,1,0,1,1,0,0,1,1,0,0,0,0,90,20,-10,1,0,0,0,1,90,45,0,1,0,0,0,1,0,0,0,1,0,0,0,1,26,10,-10,1,0,0,0,1,26,30,0,1
535,19,7,1,0,1,1,0,0,1,1,0,0,0,0,0,0,0,1,0,0,0,1,0,0,0,1,0,0,0,1,232,0,0,1,0,0,0,1,0,0,0,1,0,0,0,1,0,0,0,1
536,6,12,1,0,1,0,0,0,0,0,1,0,0,0,87,0,0,1,86,30,0,1,87,15,0,1,0,0,0,1,0,0,0,1,0,0,0,1,86,15,0,1,87,0,0,1,86,30,0,1
537,14,17,1,0,1,0,0,0,0,0,1,0,0,0,0,0,0,1,0,0,0,1,0,0,0,1,0,0,0,1,196,0,0,1,0,0,0,1,0,0,0,1,0,0,0,1,0,0,0,1
538,14,35,1,0,1,0,0,0,0,0,1,0,0,0,0,0,0,1,0,0,0,1,0,0,0,1,0,0,0,1,0,0,0,1,180,30,10,1,0,0,0,1,0,0,0,1,0,0,0,1
539,19,35,1,0,1,0,0,0,0,0,1,0,0,0,0,0,0,1,0,0,0,1,0,0,0,1,0,0,0,1,0,0,0,1,213,15,10,1,0,0,0,1,0,0,0,1,0,0,0,1
540,20,27,1,0,1,0,0,0,0,0,1,0,0,0,0,0,0,1,0,0,0,1,0,0,0,1,0,0,0,1,227,0,-25,1,0,0,0,1,0,0,0,1,0,0,0,1,0,0,0,1
541,20,27,1,0,1,0,0,0,0,0,1,0,0,0,0,0,0,1,0,0,0,1,0,0,0,1,0,0,0,1,195,0,-20,1,0,0,0,1,0,0,0,1,0,0,0,1,0,0,0,1
542,20,27,1,0,1,0,0,0,0,0,1,0,0,0,0,0,0,1,0,0,0,1,0,0,0,1,0,0,0,1,228,0,-20,1,0,0,0,1,0,0,0,1,0,0,0,1,0,0,0,1
543,23,42,1,0,1,0,0,0,0,0,1,7,0,0,0,0,0,1,0,0,0,1,0,0,0,1,0,0,0,1,202,10,-43,1,0,0,0,1,0,0,0,1,0,0,0,1,0,0,0,1
544,9,7,1,0,1,0,0,0,0,0,1,12,0,0,0,0,0,1,127,25,-15,1,0,0,0,1,0,0,0,1,0,0,0,1,0,0,0,1,0,0,0,1,0,0,0,1,0,0,0,1
545,9,7,1,0,1,0,0,0,0,0,1,12,0,0,0,0,0,1,142,15,-10,1,0,0,0,1,0,0,0,1,0,0,0,1,0,0,0,1,0,0,0,1,0,0,0,1,0,0,0,1
546,2,7,1,0,1,1,0,0,1,1,0,0,0,0,0,0,0,1,0,0,0,1,0,0,0,1,0,0,0,1,224,0,0,1,0,0,0,1,0,0,0,1,0,0,0,1,0,0,0,1
547,8,7,1,0,1,1,0,0,1,1,0,0,0,0,0,0,0,1,0,0,0,1,0,0,0,1,0,0,0,1,224,0,0,1,0,0,0,1,0,0,0,1,0,0,0,1,0,0,0,1
548,19,7,1,0,1,1,0,0,1,1,0,0,0,0,0,0,0,1,0,0,0,1,0,0,0,1,0,0,0,1,224,0,0,1,0,0,0,1,0,0,0,1,0,0,0,1,0,0,0,1
